POP,HP,REG,regHP,SAMPLE,LANE,READ1,READ2
CHSK,CH,West,WestCH,P12002_101,S13_L002,../../../data/WGS/rawdata/P12002/P12002_101/02-FASTQ/190111_ST-E00214_0275_AHWLHMCCXY/P12002_101_S13_L002_R1_001.fastq.gz,../../../data/WGS/rawdata/P12002/P12002_101/02-FASTQ/190111_ST-E00214_0275_AHWLHMCCXY/P12002_101_S13_L002_R2_001.fastq.gz
CHSK,CH,West,WestCH,P12002_101,S13_L005,../../../data/WGS/rawdata/P12002/P12002_101/02-FASTQ/190111_ST-E00214_0275_AHWLHMCCXY/P12002_101_S13_L005_R1_001.fastq.gz,../../../data/WGS/rawdata/P12002/P12002_101/02-FASTQ/190111_ST-E00214_0275_AHWLHMCCXY/P12002_101_S13_L005_R2_001.fastq.gz
CHSK,CH,West,WestCH,P12002_101,S13_L008,../../../data/WGS/rawdata/P12002/P12002_101/02-FASTQ/190111_ST-E00214_0275_AHWLHMCCXY/P12002_101_S13_L008_R1_001.fastq.gz,../../../data/WGS/rawdata/P12002/P12002_101/02-FASTQ/190111_ST-E00214_0275_AHWLHMCCXY/P12002_101_S13_L008_R2_001.fastq.gz
CHSK,CH,West,WestCH,P12002_102,S46_L003,../../../data/WGS/rawdata/P12002/P12002_102/02-FASTQ/190111_ST-E00214_0275_AHWLHMCCXY/P12002_102_S46_L003_R1_001.fastq.gz,../../../data/WGS/rawdata/P12002/P12002_102/02-FASTQ/190111_ST-E00214_0275_AHWLHMCCXY/P12002_102_S46_L003_R2_001.fastq.gz
CHSK,CH,West,WestCH,P12002_102,S46_L006,../../../data/WGS/rawdata/P12002/P12002_102/02-FASTQ/190111_ST-E00214_0275_AHWLHMCCXY/P12002_102_S46_L006_R1_001.fastq.gz,../../../data/WGS/rawdata/P12002/P12002_102/02-FASTQ/190111_ST-E00214_0275_AHWLHMCCXY/P12002_102_S46_L006_R2_001.fastq.gz
CHSK,CH,West,WestCH,P12002_102,S1_L001,../../../data/WGS/rawdata/P12002/P12002_102/02-FASTQ/190111_ST-E00214_0276_BHWL33CCXY/P12002_102_S1_L001_R1_001.fastq.gz,../../../data/WGS/rawdata/P12002/P12002_102/02-FASTQ/190111_ST-E00214_0276_BHWL33CCXY/P12002_102_S1_L001_R2_001.fastq.gz
CHSK,CH,West,WestCH,P12002_103,S80_L004,../../../data/WGS/rawdata/P12002/P12002_103/02-FASTQ/190111_ST-E00214_0275_AHWLHMCCXY/P12002_103_S80_L004_R1_001.fastq.gz,../../../data/WGS/rawdata/P12002/P12002_103/02-FASTQ/190111_ST-E00214_0275_AHWLHMCCXY/P12002_103_S80_L004_R2_001.fastq.gz
CHSK,CH,West,WestCH,P12002_103,S80_L007,../../../data/WGS/rawdata/P12002/P12002_103/02-FASTQ/190111_ST-E00214_0275_AHWLHMCCXY/P12002_103_S80_L007_R1_001.fastq.gz,../../../data/WGS/rawdata/P12002/P12002_103/02-FASTQ/190111_ST-E00214_0275_AHWLHMCCXY/P12002_103_S80_L007_R2_001.fastq.gz
CHSK,CH,West,WestCH,P12002_103,S35_L002,../../../data/WGS/rawdata/P12002/P12002_103/02-FASTQ/190111_ST-E00214_0276_BHWL33CCXY/P12002_103_S35_L002_R1_001.fastq.gz,../../../data/WGS/rawdata/P12002/P12002_103/02-FASTQ/190111_ST-E00214_0276_BHWL33CCXY/P12002_103_S35_L002_R2_001.fastq.gz
CHSK,CH,West,WestCH,P12002_104,S14_L002,../../../data/WGS/rawdata/P12002/P12002_104/02-FASTQ/190111_ST-E00214_0275_AHWLHMCCXY/P12002_104_S14_L002_R1_001.fastq.gz,../../../data/WGS/rawdata/P12002/P12002_104/02-FASTQ/190111_ST-E00214_0275_AHWLHMCCXY/P12002_104_S14_L002_R2_001.fastq.gz
CHSK,CH,West,WestCH,P12002_104,S14_L005,../../../data/WGS/rawdata/P12002/P12002_104/02-FASTQ/190111_ST-E00214_0275_AHWLHMCCXY/P12002_104_S14_L005_R1_001.fastq.gz,../../../data/WGS/rawdata/P12002/P12002_104/02-FASTQ/190111_ST-E00214_0275_AHWLHMCCXY/P12002_104_S14_L005_R2_001.fastq.gz
CHSK,CH,West,WestCH,P12002_104,S14_L008,../../../data/WGS/rawdata/P12002/P12002_104/02-FASTQ/190111_ST-E00214_0275_AHWLHMCCXY/P12002_104_S14_L008_R1_001.fastq.gz,../../../data/WGS/rawdata/P12002/P12002_104/02-FASTQ/190111_ST-E00214_0275_AHWLHMCCXY/P12002_104_S14_L008_R2_001.fastq.gz
CHSK,CH,West,WestCH,P12002_105,S47_L003,../../../data/WGS/rawdata/P12002/P12002_105/02-FASTQ/190111_ST-E00214_0275_AHWLHMCCXY/P12002_105_S47_L003_R1_001.fastq.gz,../../../data/WGS/rawdata/P12002/P12002_105/02-FASTQ/190111_ST-E00214_0275_AHWLHMCCXY/P12002_105_S47_L003_R2_001.fastq.gz
CHSK,CH,West,WestCH,P12002_105,S47_L006,../../../data/WGS/rawdata/P12002/P12002_105/02-FASTQ/190111_ST-E00214_0275_AHWLHMCCXY/P12002_105_S47_L006_R1_001.fastq.gz,../../../data/WGS/rawdata/P12002/P12002_105/02-FASTQ/190111_ST-E00214_0275_AHWLHMCCXY/P12002_105_S47_L006_R2_001.fastq.gz
CHSK,CH,West,WestCH,P12002_105,S2_L001,../../../data/WGS/rawdata/P12002/P12002_105/02-FASTQ/190111_ST-E00214_0276_BHWL33CCXY/P12002_105_S2_L001_R1_001.fastq.gz,../../../data/WGS/rawdata/P12002/P12002_105/02-FASTQ/190111_ST-E00214_0276_BHWL33CCXY/P12002_105_S2_L001_R2_001.fastq.gz
CHSK,CH,West,WestCH,P12002_106,S81_L004,../../../data/WGS/rawdata/P12002/P12002_106/02-FASTQ/190111_ST-E00214_0275_AHWLHMCCXY/P12002_106_S81_L004_R1_001.fastq.gz,../../../data/WGS/rawdata/P12002/P12002_106/02-FASTQ/190111_ST-E00214_0275_AHWLHMCCXY/P12002_106_S81_L004_R2_001.fastq.gz
CHSK,CH,West,WestCH,P12002_106,S81_L007,../../../data/WGS/rawdata/P12002/P12002_106/02-FASTQ/190111_ST-E00214_0275_AHWLHMCCXY/P12002_106_S81_L007_R1_001.fastq.gz,../../../data/WGS/rawdata/P12002/P12002_106/02-FASTQ/190111_ST-E00214_0275_AHWLHMCCXY/P12002_106_S81_L007_R2_001.fastq.gz
CHSK,CH,West,WestCH,P12002_106,S36_L002,../../../data/WGS/rawdata/P12002/P12002_106/02-FASTQ/190111_ST-E00214_0276_BHWL33CCXY/P12002_106_S36_L002_R1_001.fastq.gz,../../../data/WGS/rawdata/P12002/P12002_106/02-FASTQ/190111_ST-E00214_0276_BHWL33CCXY/P12002_106_S36_L002_R2_001.fastq.gz
CHSK,CH,West,WestCH,P12002_107,S15_L002,../../../data/WGS/rawdata/P12002/P12002_107/02-FASTQ/190111_ST-E00214_0275_AHWLHMCCXY/P12002_107_S15_L002_R1_001.fastq.gz,../../../data/WGS/rawdata/P12002/P12002_107/02-FASTQ/190111_ST-E00214_0275_AHWLHMCCXY/P12002_107_S15_L002_R2_001.fastq.gz
CHSK,CH,West,WestCH,P12002_107,S15_L005,../../../data/WGS/rawdata/P12002/P12002_107/02-FASTQ/190111_ST-E00214_0275_AHWLHMCCXY/P12002_107_S15_L005_R1_001.fastq.gz,../../../data/WGS/rawdata/P12002/P12002_107/02-FASTQ/190111_ST-E00214_0275_AHWLHMCCXY/P12002_107_S15_L005_R2_001.fastq.gz
CHSK,CH,West,WestCH,P12002_107,S15_L008,../../../data/WGS/rawdata/P12002/P12002_107/02-FASTQ/190111_ST-E00214_0275_AHWLHMCCXY/P12002_107_S15_L008_R1_001.fastq.gz,../../../data/WGS/rawdata/P12002/P12002_107/02-FASTQ/190111_ST-E00214_0275_AHWLHMCCXY/P12002_107_S15_L008_R2_001.fastq.gz
CHSK,CH,West,WestCH,P12002_108,S48_L003,../../../data/WGS/rawdata/P12002/P12002_108/02-FASTQ/190111_ST-E00214_0275_AHWLHMCCXY/P12002_108_S48_L003_R1_001.fastq.gz,../../../data/WGS/rawdata/P12002/P12002_108/02-FASTQ/190111_ST-E00214_0275_AHWLHMCCXY/P12002_108_S48_L003_R2_001.fastq.gz
CHSK,CH,West,WestCH,P12002_108,S48_L006,../../../data/WGS/rawdata/P12002/P12002_108/02-FASTQ/190111_ST-E00214_0275_AHWLHMCCXY/P12002_108_S48_L006_R1_001.fastq.gz,../../../data/WGS/rawdata/P12002/P12002_108/02-FASTQ/190111_ST-E00214_0275_AHWLHMCCXY/P12002_108_S48_L006_R2_001.fastq.gz
CHSK,CH,West,WestCH,P12002_108,S3_L001,../../../data/WGS/rawdata/P12002/P12002_108/02-FASTQ/190111_ST-E00214_0276_BHWL33CCXY/P12002_108_S3_L001_R1_001.fastq.gz,../../../data/WGS/rawdata/P12002/P12002_108/02-FASTQ/190111_ST-E00214_0276_BHWL33CCXY/P12002_108_S3_L001_R2_001.fastq.gz
CHSK,CH,West,WestCH,P12002_109,S82_L004,../../../data/WGS/rawdata/P12002/P12002_109/02-FASTQ/190111_ST-E00214_0275_AHWLHMCCXY/P12002_109_S82_L004_R1_001.fastq.gz,../../../data/WGS/rawdata/P12002/P12002_109/02-FASTQ/190111_ST-E00214_0275_AHWLHMCCXY/P12002_109_S82_L004_R2_001.fastq.gz
CHSK,CH,West,WestCH,P12002_109,S82_L007,../../../data/WGS/rawdata/P12002/P12002_109/02-FASTQ/190111_ST-E00214_0275_AHWLHMCCXY/P12002_109_S82_L007_R1_001.fastq.gz,../../../data/WGS/rawdata/P12002/P12002_109/02-FASTQ/190111_ST-E00214_0275_AHWLHMCCXY/P12002_109_S82_L007_R2_001.fastq.gz
CHSK,CH,West,WestCH,P12002_109,S37_L002,../../../data/WGS/rawdata/P12002/P12002_109/02-FASTQ/190111_ST-E00214_0276_BHWL33CCXY/P12002_109_S37_L002_R1_001.fastq.gz,../../../data/WGS/rawdata/P12002/P12002_109/02-FASTQ/190111_ST-E00214_0276_BHWL33CCXY/P12002_109_S37_L002_R2_001.fastq.gz
CHSK,CH,West,WestCH,P12002_110,S16_L002,../../../data/WGS/rawdata/P12002/P12002_110/02-FASTQ/190111_ST-E00214_0275_AHWLHMCCXY/P12002_110_S16_L002_R1_001.fastq.gz,../../../data/WGS/rawdata/P12002/P12002_110/02-FASTQ/190111_ST-E00214_0275_AHWLHMCCXY/P12002_110_S16_L002_R2_001.fastq.gz
CHSK,CH,West,WestCH,P12002_110,S16_L005,../../../data/WGS/rawdata/P12002/P12002_110/02-FASTQ/190111_ST-E00214_0275_AHWLHMCCXY/P12002_110_S16_L005_R1_001.fastq.gz,../../../data/WGS/rawdata/P12002/P12002_110/02-FASTQ/190111_ST-E00214_0275_AHWLHMCCXY/P12002_110_S16_L005_R2_001.fastq.gz
CHSK,CH,West,WestCH,P12002_110,S16_L008,../../../data/WGS/rawdata/P12002/P12002_110/02-FASTQ/190111_ST-E00214_0275_AHWLHMCCXY/P12002_110_S16_L008_R1_001.fastq.gz,../../../data/WGS/rawdata/P12002/P12002_110/02-FASTQ/190111_ST-E00214_0275_AHWLHMCCXY/P12002_110_S16_L008_R2_001.fastq.gz
CHST,CH,West,WestCH,P12002_111,S49_L003,../../../data/WGS/rawdata/P12002/P12002_111/02-FASTQ/190111_ST-E00214_0275_AHWLHMCCXY/P12002_111_S49_L003_R1_001.fastq.gz,../../../data/WGS/rawdata/P12002/P12002_111/02-FASTQ/190111_ST-E00214_0275_AHWLHMCCXY/P12002_111_S49_L003_R2_001.fastq.gz
CHST,CH,West,WestCH,P12002_111,S49_L006,../../../data/WGS/rawdata/P12002/P12002_111/02-FASTQ/190111_ST-E00214_0275_AHWLHMCCXY/P12002_111_S49_L006_R1_001.fastq.gz,../../../data/WGS/rawdata/P12002/P12002_111/02-FASTQ/190111_ST-E00214_0275_AHWLHMCCXY/P12002_111_S49_L006_R2_001.fastq.gz
CHST,CH,West,WestCH,P12002_111,S4_L001,../../../data/WGS/rawdata/P12002/P12002_111/02-FASTQ/190111_ST-E00214_0276_BHWL33CCXY/P12002_111_S4_L001_R1_001.fastq.gz,../../../data/WGS/rawdata/P12002/P12002_111/02-FASTQ/190111_ST-E00214_0276_BHWL33CCXY/P12002_111_S4_L001_R2_001.fastq.gz
CHST,CH,West,WestCH,P12002_112,S83_L004,../../../data/WGS/rawdata/P12002/P12002_112/02-FASTQ/190111_ST-E00214_0275_AHWLHMCCXY/P12002_112_S83_L004_R1_001.fastq.gz,../../../data/WGS/rawdata/P12002/P12002_112/02-FASTQ/190111_ST-E00214_0275_AHWLHMCCXY/P12002_112_S83_L004_R2_001.fastq.gz
CHST,CH,West,WestCH,P12002_112,S83_L007,../../../data/WGS/rawdata/P12002/P12002_112/02-FASTQ/190111_ST-E00214_0275_AHWLHMCCXY/P12002_112_S83_L007_R1_001.fastq.gz,../../../data/WGS/rawdata/P12002/P12002_112/02-FASTQ/190111_ST-E00214_0275_AHWLHMCCXY/P12002_112_S83_L007_R2_001.fastq.gz
CHST,CH,West,WestCH,P12002_112,S38_L002,../../../data/WGS/rawdata/P12002/P12002_112/02-FASTQ/190111_ST-E00214_0276_BHWL33CCXY/P12002_112_S38_L002_R1_001.fastq.gz,../../../data/WGS/rawdata/P12002/P12002_112/02-FASTQ/190111_ST-E00214_0276_BHWL33CCXY/P12002_112_S38_L002_R2_001.fastq.gz
CHST,CH,West,WestCH,P12002_113,S17_L002,../../../data/WGS/rawdata/P12002/P12002_113/02-FASTQ/190111_ST-E00214_0275_AHWLHMCCXY/P12002_113_S17_L002_R1_001.fastq.gz,../../../data/WGS/rawdata/P12002/P12002_113/02-FASTQ/190111_ST-E00214_0275_AHWLHMCCXY/P12002_113_S17_L002_R2_001.fastq.gz
CHST,CH,West,WestCH,P12002_113,S17_L005,../../../data/WGS/rawdata/P12002/P12002_113/02-FASTQ/190111_ST-E00214_0275_AHWLHMCCXY/P12002_113_S17_L005_R1_001.fastq.gz,../../../data/WGS/rawdata/P12002/P12002_113/02-FASTQ/190111_ST-E00214_0275_AHWLHMCCXY/P12002_113_S17_L005_R2_001.fastq.gz
CHST,CH,West,WestCH,P12002_113,S17_L008,../../../data/WGS/rawdata/P12002/P12002_113/02-FASTQ/190111_ST-E00214_0275_AHWLHMCCXY/P12002_113_S17_L008_R1_001.fastq.gz,../../../data/WGS/rawdata/P12002/P12002_113/02-FASTQ/190111_ST-E00214_0275_AHWLHMCCXY/P12002_113_S17_L008_R2_001.fastq.gz
CHST,CH,West,WestCH,P12002_114,S50_L003,../../../data/WGS/rawdata/P12002/P12002_114/02-FASTQ/190111_ST-E00214_0275_AHWLHMCCXY/P12002_114_S50_L003_R1_001.fastq.gz,../../../data/WGS/rawdata/P12002/P12002_114/02-FASTQ/190111_ST-E00214_0275_AHWLHMCCXY/P12002_114_S50_L003_R2_001.fastq.gz
CHST,CH,West,WestCH,P12002_114,S50_L006,../../../data/WGS/rawdata/P12002/P12002_114/02-FASTQ/190111_ST-E00214_0275_AHWLHMCCXY/P12002_114_S50_L006_R1_001.fastq.gz,../../../data/WGS/rawdata/P12002/P12002_114/02-FASTQ/190111_ST-E00214_0275_AHWLHMCCXY/P12002_114_S50_L006_R2_001.fastq.gz
CHST,CH,West,WestCH,P12002_114,S5_L001,../../../data/WGS/rawdata/P12002/P12002_114/02-FASTQ/190111_ST-E00214_0276_BHWL33CCXY/P12002_114_S5_L001_R1_001.fastq.gz,../../../data/WGS/rawdata/P12002/P12002_114/02-FASTQ/190111_ST-E00214_0276_BHWL33CCXY/P12002_114_S5_L001_R2_001.fastq.gz
CHST,CH,West,WestCH,P12002_115,S84_L004,../../../data/WGS/rawdata/P12002/P12002_115/02-FASTQ/190111_ST-E00214_0275_AHWLHMCCXY/P12002_115_S84_L004_R1_001.fastq.gz,../../../data/WGS/rawdata/P12002/P12002_115/02-FASTQ/190111_ST-E00214_0275_AHWLHMCCXY/P12002_115_S84_L004_R2_001.fastq.gz
CHST,CH,West,WestCH,P12002_115,S84_L007,../../../data/WGS/rawdata/P12002/P12002_115/02-FASTQ/190111_ST-E00214_0275_AHWLHMCCXY/P12002_115_S84_L007_R1_001.fastq.gz,../../../data/WGS/rawdata/P12002/P12002_115/02-FASTQ/190111_ST-E00214_0275_AHWLHMCCXY/P12002_115_S84_L007_R2_001.fastq.gz
CHST,CH,West,WestCH,P12002_115,S39_L002,../../../data/WGS/rawdata/P12002/P12002_115/02-FASTQ/190111_ST-E00214_0276_BHWL33CCXY/P12002_115_S39_L002_R1_001.fastq.gz,../../../data/WGS/rawdata/P12002/P12002_115/02-FASTQ/190111_ST-E00214_0276_BHWL33CCXY/P12002_115_S39_L002_R2_001.fastq.gz
CHST,CH,West,WestCH,P12002_116,S18_L002,../../../data/WGS/rawdata/P12002/P12002_116/02-FASTQ/190111_ST-E00214_0275_AHWLHMCCXY/P12002_116_S18_L002_R1_001.fastq.gz,../../../data/WGS/rawdata/P12002/P12002_116/02-FASTQ/190111_ST-E00214_0275_AHWLHMCCXY/P12002_116_S18_L002_R2_001.fastq.gz
CHST,CH,West,WestCH,P12002_116,S18_L005,../../../data/WGS/rawdata/P12002/P12002_116/02-FASTQ/190111_ST-E00214_0275_AHWLHMCCXY/P12002_116_S18_L005_R1_001.fastq.gz,../../../data/WGS/rawdata/P12002/P12002_116/02-FASTQ/190111_ST-E00214_0275_AHWLHMCCXY/P12002_116_S18_L005_R2_001.fastq.gz
CHST,CH,West,WestCH,P12002_116,S18_L008,../../../data/WGS/rawdata/P12002/P12002_116/02-FASTQ/190111_ST-E00214_0275_AHWLHMCCXY/P12002_116_S18_L008_R1_001.fastq.gz,../../../data/WGS/rawdata/P12002/P12002_116/02-FASTQ/190111_ST-E00214_0275_AHWLHMCCXY/P12002_116_S18_L008_R2_001.fastq.gz
CHST,CH,West,WestCH,P12002_117,S51_L003,../../../data/WGS/rawdata/P12002/P12002_117/02-FASTQ/190111_ST-E00214_0275_AHWLHMCCXY/P12002_117_S51_L003_R1_001.fastq.gz,../../../data/WGS/rawdata/P12002/P12002_117/02-FASTQ/190111_ST-E00214_0275_AHWLHMCCXY/P12002_117_S51_L003_R2_001.fastq.gz
CHST,CH,West,WestCH,P12002_117,S51_L006,../../../data/WGS/rawdata/P12002/P12002_117/02-FASTQ/190111_ST-E00214_0275_AHWLHMCCXY/P12002_117_S51_L006_R1_001.fastq.gz,../../../data/WGS/rawdata/P12002/P12002_117/02-FASTQ/190111_ST-E00214_0275_AHWLHMCCXY/P12002_117_S51_L006_R2_001.fastq.gz
CHST,CH,West,WestCH,P12002_117,S6_L001,../../../data/WGS/rawdata/P12002/P12002_117/02-FASTQ/190111_ST-E00214_0276_BHWL33CCXY/P12002_117_S6_L001_R1_001.fastq.gz,../../../data/WGS/rawdata/P12002/P12002_117/02-FASTQ/190111_ST-E00214_0276_BHWL33CCXY/P12002_117_S6_L001_R2_001.fastq.gz
CHST,CH,West,WestCH,P12002_119,S19_L002,../../../data/WGS/rawdata/P12002/P12002_119/02-FASTQ/190111_ST-E00214_0275_AHWLHMCCXY/P12002_119_S19_L002_R1_001.fastq.gz,../../../data/WGS/rawdata/P12002/P12002_119/02-FASTQ/190111_ST-E00214_0275_AHWLHMCCXY/P12002_119_S19_L002_R2_001.fastq.gz
CHST,CH,West,WestCH,P12002_119,S19_L005,../../../data/WGS/rawdata/P12002/P12002_119/02-FASTQ/190111_ST-E00214_0275_AHWLHMCCXY/P12002_119_S19_L005_R1_001.fastq.gz,../../../data/WGS/rawdata/P12002/P12002_119/02-FASTQ/190111_ST-E00214_0275_AHWLHMCCXY/P12002_119_S19_L005_R2_001.fastq.gz
CHST,CH,West,WestCH,P12002_119,S19_L008,../../../data/WGS/rawdata/P12002/P12002_119/02-FASTQ/190111_ST-E00214_0275_AHWLHMCCXY/P12002_119_S19_L008_R1_001.fastq.gz,../../../data/WGS/rawdata/P12002/P12002_119/02-FASTQ/190111_ST-E00214_0275_AHWLHMCCXY/P12002_119_S19_L008_R2_001.fastq.gz
CHST,CH,West,WestCH,P12002_121,S86_L004,../../../data/WGS/rawdata/P12002/P12002_121/02-FASTQ/190111_ST-E00214_0275_AHWLHMCCXY/P12002_121_S86_L004_R1_001.fastq.gz,../../../data/WGS/rawdata/P12002/P12002_121/02-FASTQ/190111_ST-E00214_0275_AHWLHMCCXY/P12002_121_S86_L004_R2_001.fastq.gz
CHST,CH,West,WestCH,P12002_121,S86_L007,../../../data/WGS/rawdata/P12002/P12002_121/02-FASTQ/190111_ST-E00214_0275_AHWLHMCCXY/P12002_121_S86_L007_R1_001.fastq.gz,../../../data/WGS/rawdata/P12002/P12002_121/02-FASTQ/190111_ST-E00214_0275_AHWLHMCCXY/P12002_121_S86_L007_R2_001.fastq.gz
CHST,CH,West,WestCH,P12002_121,S41_L002,../../../data/WGS/rawdata/P12002/P12002_121/02-FASTQ/190111_ST-E00214_0276_BHWL33CCXY/P12002_121_S41_L002_R1_001.fastq.gz,../../../data/WGS/rawdata/P12002/P12002_121/02-FASTQ/190111_ST-E00214_0276_BHWL33CCXY/P12002_121_S41_L002_R2_001.fastq.gz
CHFI,CH,East,EastCH,P12002_122,S20_L002,../../../data/WGS/rawdata/P12002/P12002_122/02-FASTQ/190111_ST-E00214_0275_AHWLHMCCXY/P12002_122_S20_L002_R1_001.fastq.gz,../../../data/WGS/rawdata/P12002/P12002_122/02-FASTQ/190111_ST-E00214_0275_AHWLHMCCXY/P12002_122_S20_L002_R2_001.fastq.gz
CHFI,CH,East,EastCH,P12002_122,S20_L005,../../../data/WGS/rawdata/P12002/P12002_122/02-FASTQ/190111_ST-E00214_0275_AHWLHMCCXY/P12002_122_S20_L005_R1_001.fastq.gz,../../../data/WGS/rawdata/P12002/P12002_122/02-FASTQ/190111_ST-E00214_0275_AHWLHMCCXY/P12002_122_S20_L005_R2_001.fastq.gz
CHFI,CH,East,EastCH,P12002_122,S20_L008,../../../data/WGS/rawdata/P12002/P12002_122/02-FASTQ/190111_ST-E00214_0275_AHWLHMCCXY/P12002_122_S20_L008_R1_001.fastq.gz,../../../data/WGS/rawdata/P12002/P12002_122/02-FASTQ/190111_ST-E00214_0275_AHWLHMCCXY/P12002_122_S20_L008_R2_001.fastq.gz
CHFI,CH,East,EastCH,P12002_123,S53_L003,../../../data/WGS/rawdata/P12002/P12002_123/02-FASTQ/190111_ST-E00214_0275_AHWLHMCCXY/P12002_123_S53_L003_R1_001.fastq.gz,../../../data/WGS/rawdata/P12002/P12002_123/02-FASTQ/190111_ST-E00214_0275_AHWLHMCCXY/P12002_123_S53_L003_R2_001.fastq.gz
CHFI,CH,East,EastCH,P12002_123,S53_L006,../../../data/WGS/rawdata/P12002/P12002_123/02-FASTQ/190111_ST-E00214_0275_AHWLHMCCXY/P12002_123_S53_L006_R1_001.fastq.gz,../../../data/WGS/rawdata/P12002/P12002_123/02-FASTQ/190111_ST-E00214_0275_AHWLHMCCXY/P12002_123_S53_L006_R2_001.fastq.gz
CHFI,CH,East,EastCH,P12002_123,S8_L001,../../../data/WGS/rawdata/P12002/P12002_123/02-FASTQ/190111_ST-E00214_0276_BHWL33CCXY/P12002_123_S8_L001_R1_001.fastq.gz,../../../data/WGS/rawdata/P12002/P12002_123/02-FASTQ/190111_ST-E00214_0276_BHWL33CCXY/P12002_123_S8_L001_R2_001.fastq.gz
CHFI,CH,East,EastCH,P12002_125,S21_L002,../../../data/WGS/rawdata/P12002/P12002_125/02-FASTQ/190111_ST-E00214_0275_AHWLHMCCXY/P12002_125_S21_L002_R1_001.fastq.gz,../../../data/WGS/rawdata/P12002/P12002_125/02-FASTQ/190111_ST-E00214_0275_AHWLHMCCXY/P12002_125_S21_L002_R2_001.fastq.gz
CHFI,CH,East,EastCH,P12002_125,S21_L005,../../../data/WGS/rawdata/P12002/P12002_125/02-FASTQ/190111_ST-E00214_0275_AHWLHMCCXY/P12002_125_S21_L005_R1_001.fastq.gz,../../../data/WGS/rawdata/P12002/P12002_125/02-FASTQ/190111_ST-E00214_0275_AHWLHMCCXY/P12002_125_S21_L005_R2_001.fastq.gz
CHFI,CH,East,EastCH,P12002_125,S21_L008,../../../data/WGS/rawdata/P12002/P12002_125/02-FASTQ/190111_ST-E00214_0275_AHWLHMCCXY/P12002_125_S21_L008_R1_001.fastq.gz,../../../data/WGS/rawdata/P12002/P12002_125/02-FASTQ/190111_ST-E00214_0275_AHWLHMCCXY/P12002_125_S21_L008_R2_001.fastq.gz
CHFI,CH,East,EastCH,P12002_126,S54_L003,../../../data/WGS/rawdata/P12002/P12002_126/02-FASTQ/190111_ST-E00214_0275_AHWLHMCCXY/P12002_126_S54_L003_R1_001.fastq.gz,../../../data/WGS/rawdata/P12002/P12002_126/02-FASTQ/190111_ST-E00214_0275_AHWLHMCCXY/P12002_126_S54_L003_R2_001.fastq.gz
CHFI,CH,East,EastCH,P12002_126,S54_L006,../../../data/WGS/rawdata/P12002/P12002_126/02-FASTQ/190111_ST-E00214_0275_AHWLHMCCXY/P12002_126_S54_L006_R1_001.fastq.gz,../../../data/WGS/rawdata/P12002/P12002_126/02-FASTQ/190111_ST-E00214_0275_AHWLHMCCXY/P12002_126_S54_L006_R2_001.fastq.gz
CHFI,CH,East,EastCH,P12002_126,S9_L001,../../../data/WGS/rawdata/P12002/P12002_126/02-FASTQ/190111_ST-E00214_0276_BHWL33CCXY/P12002_126_S9_L001_R1_001.fastq.gz,../../../data/WGS/rawdata/P12002/P12002_126/02-FASTQ/190111_ST-E00214_0276_BHWL33CCXY/P12002_126_S9_L001_R2_001.fastq.gz
CHFI,CH,East,EastCH,P12002_128,S22_L002,../../../data/WGS/rawdata/P12002/P12002_128/02-FASTQ/190111_ST-E00214_0275_AHWLHMCCXY/P12002_128_S22_L002_R1_001.fastq.gz,../../../data/WGS/rawdata/P12002/P12002_128/02-FASTQ/190111_ST-E00214_0275_AHWLHMCCXY/P12002_128_S22_L002_R2_001.fastq.gz
CHFI,CH,East,EastCH,P12002_128,S22_L005,../../../data/WGS/rawdata/P12002/P12002_128/02-FASTQ/190111_ST-E00214_0275_AHWLHMCCXY/P12002_128_S22_L005_R1_001.fastq.gz,../../../data/WGS/rawdata/P12002/P12002_128/02-FASTQ/190111_ST-E00214_0275_AHWLHMCCXY/P12002_128_S22_L005_R2_001.fastq.gz
CHFI,CH,East,EastCH,P12002_128,S22_L008,../../../data/WGS/rawdata/P12002/P12002_128/02-FASTQ/190111_ST-E00214_0275_AHWLHMCCXY/P12002_128_S22_L008_R1_001.fastq.gz,../../../data/WGS/rawdata/P12002/P12002_128/02-FASTQ/190111_ST-E00214_0275_AHWLHMCCXY/P12002_128_S22_L008_R2_001.fastq.gz
CHFI,CH,East,EastCH,P12002_129,S55_L003,../../../data/WGS/rawdata/P12002/P12002_129/02-FASTQ/190111_ST-E00214_0275_AHWLHMCCXY/P12002_129_S55_L003_R1_001.fastq.gz,../../../data/WGS/rawdata/P12002/P12002_129/02-FASTQ/190111_ST-E00214_0275_AHWLHMCCXY/P12002_129_S55_L003_R2_001.fastq.gz
CHFI,CH,East,EastCH,P12002_129,S55_L006,../../../data/WGS/rawdata/P12002/P12002_129/02-FASTQ/190111_ST-E00214_0275_AHWLHMCCXY/P12002_129_S55_L006_R1_001.fastq.gz,../../../data/WGS/rawdata/P12002/P12002_129/02-FASTQ/190111_ST-E00214_0275_AHWLHMCCXY/P12002_129_S55_L006_R2_001.fastq.gz
CHFI,CH,East,EastCH,P12002_129,S10_L001,../../../data/WGS/rawdata/P12002/P12002_129/02-FASTQ/190111_ST-E00214_0276_BHWL33CCXY/P12002_129_S10_L001_R1_001.fastq.gz,../../../data/WGS/rawdata/P12002/P12002_129/02-FASTQ/190111_ST-E00214_0276_BHWL33CCXY/P12002_129_S10_L001_R2_001.fastq.gz
CHFI,CH,East,EastCH,P12002_130,S89_L004,../../../data/WGS/rawdata/P12002/P12002_130/02-FASTQ/190111_ST-E00214_0275_AHWLHMCCXY/P12002_130_S89_L004_R1_001.fastq.gz,../../../data/WGS/rawdata/P12002/P12002_130/02-FASTQ/190111_ST-E00214_0275_AHWLHMCCXY/P12002_130_S89_L004_R2_001.fastq.gz
CHFI,CH,East,EastCH,P12002_130,S89_L007,../../../data/WGS/rawdata/P12002/P12002_130/02-FASTQ/190111_ST-E00214_0275_AHWLHMCCXY/P12002_130_S89_L007_R1_001.fastq.gz,../../../data/WGS/rawdata/P12002/P12002_130/02-FASTQ/190111_ST-E00214_0275_AHWLHMCCXY/P12002_130_S89_L007_R2_001.fastq.gz
CHFI,CH,East,EastCH,P12002_130,S44_L002,../../../data/WGS/rawdata/P12002/P12002_130/02-FASTQ/190111_ST-E00214_0276_BHWL33CCXY/P12002_130_S44_L002_R1_001.fastq.gz,../../../data/WGS/rawdata/P12002/P12002_130/02-FASTQ/190111_ST-E00214_0276_BHWL33CCXY/P12002_130_S44_L002_R2_001.fastq.gz
CHFI,CH,East,EastCH,P12002_131,S23_L002,../../../data/WGS/rawdata/P12002/P12002_131/02-FASTQ/190111_ST-E00214_0275_AHWLHMCCXY/P12002_131_S23_L002_R1_001.fastq.gz,../../../data/WGS/rawdata/P12002/P12002_131/02-FASTQ/190111_ST-E00214_0275_AHWLHMCCXY/P12002_131_S23_L002_R2_001.fastq.gz
CHFI,CH,East,EastCH,P12002_131,S23_L005,../../../data/WGS/rawdata/P12002/P12002_131/02-FASTQ/190111_ST-E00214_0275_AHWLHMCCXY/P12002_131_S23_L005_R1_001.fastq.gz,../../../data/WGS/rawdata/P12002/P12002_131/02-FASTQ/190111_ST-E00214_0275_AHWLHMCCXY/P12002_131_S23_L005_R2_001.fastq.gz
CHFI,CH,East,EastCH,P12002_131,S23_L008,../../../data/WGS/rawdata/P12002/P12002_131/02-FASTQ/190111_ST-E00214_0275_AHWLHMCCXY/P12002_131_S23_L008_R1_001.fastq.gz,../../../data/WGS/rawdata/P12002/P12002_131/02-FASTQ/190111_ST-E00214_0275_AHWLHMCCXY/P12002_131_S23_L008_R2_001.fastq.gz
CHFI,CH,East,EastCH,P12002_132,S56_L003,../../../data/WGS/rawdata/P12002/P12002_132/02-FASTQ/190111_ST-E00214_0275_AHWLHMCCXY/P12002_132_S56_L003_R1_001.fastq.gz,../../../data/WGS/rawdata/P12002/P12002_132/02-FASTQ/190111_ST-E00214_0275_AHWLHMCCXY/P12002_132_S56_L003_R2_001.fastq.gz
CHFI,CH,East,EastCH,P12002_132,S56_L006,../../../data/WGS/rawdata/P12002/P12002_132/02-FASTQ/190111_ST-E00214_0275_AHWLHMCCXY/P12002_132_S56_L006_R1_001.fastq.gz,../../../data/WGS/rawdata/P12002/P12002_132/02-FASTQ/190111_ST-E00214_0275_AHWLHMCCXY/P12002_132_S56_L006_R2_001.fastq.gz
CHFI,CH,East,EastCH,P12002_132,S11_L001,../../../data/WGS/rawdata/P12002/P12002_132/02-FASTQ/190111_ST-E00214_0276_BHWL33CCXY/P12002_132_S11_L001_R1_001.fastq.gz,../../../data/WGS/rawdata/P12002/P12002_132/02-FASTQ/190111_ST-E00214_0276_BHWL33CCXY/P12002_132_S11_L001_R2_001.fastq.gz
COGE,CO,West,WestCO,P12002_133,S90_L004,../../../data/WGS/rawdata/P12002/P12002_133/02-FASTQ/190111_ST-E00214_0275_AHWLHMCCXY/P12002_133_S90_L004_R1_001.fastq.gz,../../../data/WGS/rawdata/P12002/P12002_133/02-FASTQ/190111_ST-E00214_0275_AHWLHMCCXY/P12002_133_S90_L004_R2_001.fastq.gz
COGE,CO,West,WestCO,P12002_133,S90_L007,../../../data/WGS/rawdata/P12002/P12002_133/02-FASTQ/190111_ST-E00214_0275_AHWLHMCCXY/P12002_133_S90_L007_R1_001.fastq.gz,../../../data/WGS/rawdata/P12002/P12002_133/02-FASTQ/190111_ST-E00214_0275_AHWLHMCCXY/P12002_133_S90_L007_R2_001.fastq.gz
COGE,CO,West,WestCO,P12002_133,S45_L002,../../../data/WGS/rawdata/P12002/P12002_133/02-FASTQ/190111_ST-E00214_0276_BHWL33CCXY/P12002_133_S45_L002_R1_001.fastq.gz,../../../data/WGS/rawdata/P12002/P12002_133/02-FASTQ/190111_ST-E00214_0276_BHWL33CCXY/P12002_133_S45_L002_R2_001.fastq.gz
COGE,CO,West,WestCO,P12002_134,S24_L002,../../../data/WGS/rawdata/P12002/P12002_134/02-FASTQ/190111_ST-E00214_0275_AHWLHMCCXY/P12002_134_S24_L002_R1_001.fastq.gz,../../../data/WGS/rawdata/P12002/P12002_134/02-FASTQ/190111_ST-E00214_0275_AHWLHMCCXY/P12002_134_S24_L002_R2_001.fastq.gz
COGE,CO,West,WestCO,P12002_134,S24_L005,../../../data/WGS/rawdata/P12002/P12002_134/02-FASTQ/190111_ST-E00214_0275_AHWLHMCCXY/P12002_134_S24_L005_R1_001.fastq.gz,../../../data/WGS/rawdata/P12002/P12002_134/02-FASTQ/190111_ST-E00214_0275_AHWLHMCCXY/P12002_134_S24_L005_R2_001.fastq.gz
COGE,CO,West,WestCO,P12002_134,S24_L008,../../../data/WGS/rawdata/P12002/P12002_134/02-FASTQ/190111_ST-E00214_0275_AHWLHMCCXY/P12002_134_S24_L008_R1_001.fastq.gz,../../../data/WGS/rawdata/P12002/P12002_134/02-FASTQ/190111_ST-E00214_0275_AHWLHMCCXY/P12002_134_S24_L008_R2_001.fastq.gz
COGE,CO,West,WestCO,P12002_135,S57_L003,../../../data/WGS/rawdata/P12002/P12002_135/02-FASTQ/190111_ST-E00214_0275_AHWLHMCCXY/P12002_135_S57_L003_R1_001.fastq.gz,../../../data/WGS/rawdata/P12002/P12002_135/02-FASTQ/190111_ST-E00214_0275_AHWLHMCCXY/P12002_135_S57_L003_R2_001.fastq.gz
COGE,CO,West,WestCO,P12002_135,S57_L006,../../../data/WGS/rawdata/P12002/P12002_135/02-FASTQ/190111_ST-E00214_0275_AHWLHMCCXY/P12002_135_S57_L006_R1_001.fastq.gz,../../../data/WGS/rawdata/P12002/P12002_135/02-FASTQ/190111_ST-E00214_0275_AHWLHMCCXY/P12002_135_S57_L006_R2_001.fastq.gz
COGE,CO,West,WestCO,P12002_135,S12_L001,../../../data/WGS/rawdata/P12002/P12002_135/02-FASTQ/190111_ST-E00214_0276_BHWL33CCXY/P12002_135_S12_L001_R1_001.fastq.gz,../../../data/WGS/rawdata/P12002/P12002_135/02-FASTQ/190111_ST-E00214_0276_BHWL33CCXY/P12002_135_S12_L001_R2_001.fastq.gz
COGE,CO,West,WestCO,P12002_136,S91_L004,../../../data/WGS/rawdata/P12002/P12002_136/02-FASTQ/190111_ST-E00214_0275_AHWLHMCCXY/P12002_136_S91_L004_R1_001.fastq.gz,../../../data/WGS/rawdata/P12002/P12002_136/02-FASTQ/190111_ST-E00214_0275_AHWLHMCCXY/P12002_136_S91_L004_R2_001.fastq.gz
COGE,CO,West,WestCO,P12002_136,S91_L007,../../../data/WGS/rawdata/P12002/P12002_136/02-FASTQ/190111_ST-E00214_0275_AHWLHMCCXY/P12002_136_S91_L007_R1_001.fastq.gz,../../../data/WGS/rawdata/P12002/P12002_136/02-FASTQ/190111_ST-E00214_0275_AHWLHMCCXY/P12002_136_S91_L007_R2_001.fastq.gz
COGE,CO,West,WestCO,P12002_136,S46_L002,../../../data/WGS/rawdata/P12002/P12002_136/02-FASTQ/190111_ST-E00214_0276_BHWL33CCXY/P12002_136_S46_L002_R1_001.fastq.gz,../../../data/WGS/rawdata/P12002/P12002_136/02-FASTQ/190111_ST-E00214_0276_BHWL33CCXY/P12002_136_S46_L002_R2_001.fastq.gz
COGE,CO,West,WestCO,P12002_137,S25_L002,../../../data/WGS/rawdata/P12002/P12002_137/02-FASTQ/190111_ST-E00214_0275_AHWLHMCCXY/P12002_137_S25_L002_R1_001.fastq.gz,../../../data/WGS/rawdata/P12002/P12002_137/02-FASTQ/190111_ST-E00214_0275_AHWLHMCCXY/P12002_137_S25_L002_R2_001.fastq.gz
COGE,CO,West,WestCO,P12002_137,S25_L005,../../../data/WGS/rawdata/P12002/P12002_137/02-FASTQ/190111_ST-E00214_0275_AHWLHMCCXY/P12002_137_S25_L005_R1_001.fastq.gz,../../../data/WGS/rawdata/P12002/P12002_137/02-FASTQ/190111_ST-E00214_0275_AHWLHMCCXY/P12002_137_S25_L005_R2_001.fastq.gz
COGE,CO,West,WestCO,P12002_137,S25_L008,../../../data/WGS/rawdata/P12002/P12002_137/02-FASTQ/190111_ST-E00214_0275_AHWLHMCCXY/P12002_137_S25_L008_R1_001.fastq.gz,../../../data/WGS/rawdata/P12002/P12002_137/02-FASTQ/190111_ST-E00214_0275_AHWLHMCCXY/P12002_137_S25_L008_R2_001.fastq.gz
COGE,CO,West,WestCO,P12002_138,S58_L003,../../../data/WGS/rawdata/P12002/P12002_138/02-FASTQ/190111_ST-E00214_0275_AHWLHMCCXY/P12002_138_S58_L003_R1_001.fastq.gz,../../../data/WGS/rawdata/P12002/P12002_138/02-FASTQ/190111_ST-E00214_0275_AHWLHMCCXY/P12002_138_S58_L003_R2_001.fastq.gz
COGE,CO,West,WestCO,P12002_138,S58_L006,../../../data/WGS/rawdata/P12002/P12002_138/02-FASTQ/190111_ST-E00214_0275_AHWLHMCCXY/P12002_138_S58_L006_R1_001.fastq.gz,../../../data/WGS/rawdata/P12002/P12002_138/02-FASTQ/190111_ST-E00214_0275_AHWLHMCCXY/P12002_138_S58_L006_R2_001.fastq.gz
COGE,CO,West,WestCO,P12002_138,S13_L001,../../../data/WGS/rawdata/P12002/P12002_138/02-FASTQ/190111_ST-E00214_0276_BHWL33CCXY/P12002_138_S13_L001_R1_001.fastq.gz,../../../data/WGS/rawdata/P12002/P12002_138/02-FASTQ/190111_ST-E00214_0276_BHWL33CCXY/P12002_138_S13_L001_R2_001.fastq.gz
COGE,CO,West,WestCO,P12002_139,S92_L004,../../../data/WGS/rawdata/P12002/P12002_139/02-FASTQ/190111_ST-E00214_0275_AHWLHMCCXY/P12002_139_S92_L004_R1_001.fastq.gz,../../../data/WGS/rawdata/P12002/P12002_139/02-FASTQ/190111_ST-E00214_0275_AHWLHMCCXY/P12002_139_S92_L004_R2_001.fastq.gz
COGE,CO,West,WestCO,P12002_139,S92_L007,../../../data/WGS/rawdata/P12002/P12002_139/02-FASTQ/190111_ST-E00214_0275_AHWLHMCCXY/P12002_139_S92_L007_R1_001.fastq.gz,../../../data/WGS/rawdata/P12002/P12002_139/02-FASTQ/190111_ST-E00214_0275_AHWLHMCCXY/P12002_139_S92_L007_R2_001.fastq.gz
COGE,CO,West,WestCO,P12002_139,S47_L002,../../../data/WGS/rawdata/P12002/P12002_139/02-FASTQ/190111_ST-E00214_0276_BHWL33CCXY/P12002_139_S47_L002_R1_001.fastq.gz,../../../data/WGS/rawdata/P12002/P12002_139/02-FASTQ/190111_ST-E00214_0276_BHWL33CCXY/P12002_139_S47_L002_R2_001.fastq.gz
COGE,CO,West,WestCO,P12002_140,S26_L002,../../../data/WGS/rawdata/P12002/P12002_140/02-FASTQ/190111_ST-E00214_0275_AHWLHMCCXY/P12002_140_S26_L002_R1_001.fastq.gz,../../../data/WGS/rawdata/P12002/P12002_140/02-FASTQ/190111_ST-E00214_0275_AHWLHMCCXY/P12002_140_S26_L002_R2_001.fastq.gz
COGE,CO,West,WestCO,P12002_140,S26_L005,../../../data/WGS/rawdata/P12002/P12002_140/02-FASTQ/190111_ST-E00214_0275_AHWLHMCCXY/P12002_140_S26_L005_R1_001.fastq.gz,../../../data/WGS/rawdata/P12002/P12002_140/02-FASTQ/190111_ST-E00214_0275_AHWLHMCCXY/P12002_140_S26_L005_R2_001.fastq.gz
COGE,CO,West,WestCO,P12002_140,S26_L008,../../../data/WGS/rawdata/P12002/P12002_140/02-FASTQ/190111_ST-E00214_0275_AHWLHMCCXY/P12002_140_S26_L008_R1_001.fastq.gz,../../../data/WGS/rawdata/P12002/P12002_140/02-FASTQ/190111_ST-E00214_0275_AHWLHMCCXY/P12002_140_S26_L008_R2_001.fastq.gz
COGE,CO,West,WestCO,P12002_141,S59_L003,../../../data/WGS/rawdata/P12002/P12002_141/02-FASTQ/190111_ST-E00214_0275_AHWLHMCCXY/P12002_141_S59_L003_R1_001.fastq.gz,../../../data/WGS/rawdata/P12002/P12002_141/02-FASTQ/190111_ST-E00214_0275_AHWLHMCCXY/P12002_141_S59_L003_R2_001.fastq.gz
COGE,CO,West,WestCO,P12002_141,S59_L006,../../../data/WGS/rawdata/P12002/P12002_141/02-FASTQ/190111_ST-E00214_0275_AHWLHMCCXY/P12002_141_S59_L006_R1_001.fastq.gz,../../../data/WGS/rawdata/P12002/P12002_141/02-FASTQ/190111_ST-E00214_0275_AHWLHMCCXY/P12002_141_S59_L006_R2_001.fastq.gz
COGE,CO,West,WestCO,P12002_141,S14_L001,../../../data/WGS/rawdata/P12002/P12002_141/02-FASTQ/190111_ST-E00214_0276_BHWL33CCXY/P12002_141_S14_L001_R1_001.fastq.gz,../../../data/WGS/rawdata/P12002/P12002_141/02-FASTQ/190111_ST-E00214_0276_BHWL33CCXY/P12002_141_S14_L001_R2_001.fastq.gz
COGE,CO,West,WestCO,P12002_142,S93_L004,../../../data/WGS/rawdata/P12002/P12002_142/02-FASTQ/190111_ST-E00214_0275_AHWLHMCCXY/P12002_142_S93_L004_R1_001.fastq.gz,../../../data/WGS/rawdata/P12002/P12002_142/02-FASTQ/190111_ST-E00214_0275_AHWLHMCCXY/P12002_142_S93_L004_R2_001.fastq.gz
COGE,CO,West,WestCO,P12002_142,S93_L007,../../../data/WGS/rawdata/P12002/P12002_142/02-FASTQ/190111_ST-E00214_0275_AHWLHMCCXY/P12002_142_S93_L007_R1_001.fastq.gz,../../../data/WGS/rawdata/P12002/P12002_142/02-FASTQ/190111_ST-E00214_0275_AHWLHMCCXY/P12002_142_S93_L007_R2_001.fastq.gz
COGE,CO,West,WestCO,P12002_142,S48_L002,../../../data/WGS/rawdata/P12002/P12002_142/02-FASTQ/190111_ST-E00214_0276_BHWL33CCXY/P12002_142_S48_L002_R1_001.fastq.gz,../../../data/WGS/rawdata/P12002/P12002_142/02-FASTQ/190111_ST-E00214_0276_BHWL33CCXY/P12002_142_S48_L002_R2_001.fastq.gz
COGE,CO,West,WestCO,P12002_143,S27_L002,../../../data/WGS/rawdata/P12002/P12002_143/02-FASTQ/190111_ST-E00214_0275_AHWLHMCCXY/P12002_143_S27_L002_R1_001.fastq.gz,../../../data/WGS/rawdata/P12002/P12002_143/02-FASTQ/190111_ST-E00214_0275_AHWLHMCCXY/P12002_143_S27_L002_R2_001.fastq.gz
COGE,CO,West,WestCO,P12002_143,S27_L005,../../../data/WGS/rawdata/P12002/P12002_143/02-FASTQ/190111_ST-E00214_0275_AHWLHMCCXY/P12002_143_S27_L005_R1_001.fastq.gz,../../../data/WGS/rawdata/P12002/P12002_143/02-FASTQ/190111_ST-E00214_0275_AHWLHMCCXY/P12002_143_S27_L005_R2_001.fastq.gz
COGE,CO,West,WestCO,P12002_143,S27_L008,../../../data/WGS/rawdata/P12002/P12002_143/02-FASTQ/190111_ST-E00214_0275_AHWLHMCCXY/P12002_143_S27_L008_R1_001.fastq.gz,../../../data/WGS/rawdata/P12002/P12002_143/02-FASTQ/190111_ST-E00214_0275_AHWLHMCCXY/P12002_143_S27_L008_R2_001.fastq.gz
CHES,CH,East,EastCH,P12002_144,S60_L003,../../../data/WGS/rawdata/P12002/P12002_144/02-FASTQ/190111_ST-E00214_0275_AHWLHMCCXY/P12002_144_S60_L003_R1_001.fastq.gz,../../../data/WGS/rawdata/P12002/P12002_144/02-FASTQ/190111_ST-E00214_0275_AHWLHMCCXY/P12002_144_S60_L003_R2_001.fastq.gz
CHES,CH,East,EastCH,P12002_144,S60_L006,../../../data/WGS/rawdata/P12002/P12002_144/02-FASTQ/190111_ST-E00214_0275_AHWLHMCCXY/P12002_144_S60_L006_R1_001.fastq.gz,../../../data/WGS/rawdata/P12002/P12002_144/02-FASTQ/190111_ST-E00214_0275_AHWLHMCCXY/P12002_144_S60_L006_R2_001.fastq.gz
CHES,CH,East,EastCH,P12002_144,S15_L001,../../../data/WGS/rawdata/P12002/P12002_144/02-FASTQ/190111_ST-E00214_0276_BHWL33CCXY/P12002_144_S15_L001_R1_001.fastq.gz,../../../data/WGS/rawdata/P12002/P12002_144/02-FASTQ/190111_ST-E00214_0276_BHWL33CCXY/P12002_144_S15_L001_R2_001.fastq.gz
CHES,CH,East,EastCH,P12002_145,S94_L004,../../../data/WGS/rawdata/P12002/P12002_145/02-FASTQ/190111_ST-E00214_0275_AHWLHMCCXY/P12002_145_S94_L004_R1_001.fastq.gz,../../../data/WGS/rawdata/P12002/P12002_145/02-FASTQ/190111_ST-E00214_0275_AHWLHMCCXY/P12002_145_S94_L004_R2_001.fastq.gz
CHES,CH,East,EastCH,P12002_145,S94_L007,../../../data/WGS/rawdata/P12002/P12002_145/02-FASTQ/190111_ST-E00214_0275_AHWLHMCCXY/P12002_145_S94_L007_R1_001.fastq.gz,../../../data/WGS/rawdata/P12002/P12002_145/02-FASTQ/190111_ST-E00214_0275_AHWLHMCCXY/P12002_145_S94_L007_R2_001.fastq.gz
CHES,CH,East,EastCH,P12002_145,S49_L002,../../../data/WGS/rawdata/P12002/P12002_145/02-FASTQ/190111_ST-E00214_0276_BHWL33CCXY/P12002_145_S49_L002_R1_001.fastq.gz,../../../data/WGS/rawdata/P12002/P12002_145/02-FASTQ/190111_ST-E00214_0276_BHWL33CCXY/P12002_145_S49_L002_R2_001.fastq.gz
CHES,CH,East,EastCH,P12002_146,S28_L002,../../../data/WGS/rawdata/P12002/P12002_146/02-FASTQ/190111_ST-E00214_0275_AHWLHMCCXY/P12002_146_S28_L002_R1_001.fastq.gz,../../../data/WGS/rawdata/P12002/P12002_146/02-FASTQ/190111_ST-E00214_0275_AHWLHMCCXY/P12002_146_S28_L002_R2_001.fastq.gz
CHES,CH,East,EastCH,P12002_146,S28_L005,../../../data/WGS/rawdata/P12002/P12002_146/02-FASTQ/190111_ST-E00214_0275_AHWLHMCCXY/P12002_146_S28_L005_R1_001.fastq.gz,../../../data/WGS/rawdata/P12002/P12002_146/02-FASTQ/190111_ST-E00214_0275_AHWLHMCCXY/P12002_146_S28_L005_R2_001.fastq.gz
CHES,CH,East,EastCH,P12002_146,S28_L008,../../../data/WGS/rawdata/P12002/P12002_146/02-FASTQ/190111_ST-E00214_0275_AHWLHMCCXY/P12002_146_S28_L008_R1_001.fastq.gz,../../../data/WGS/rawdata/P12002/P12002_146/02-FASTQ/190111_ST-E00214_0275_AHWLHMCCXY/P12002_146_S28_L008_R2_001.fastq.gz
CHES,CH,East,EastCH,P12002_147,S61_L003,../../../data/WGS/rawdata/P12002/P12002_147/02-FASTQ/190111_ST-E00214_0275_AHWLHMCCXY/P12002_147_S61_L003_R1_001.fastq.gz,../../../data/WGS/rawdata/P12002/P12002_147/02-FASTQ/190111_ST-E00214_0275_AHWLHMCCXY/P12002_147_S61_L003_R2_001.fastq.gz
CHES,CH,East,EastCH,P12002_147,S61_L006,../../../data/WGS/rawdata/P12002/P12002_147/02-FASTQ/190111_ST-E00214_0275_AHWLHMCCXY/P12002_147_S61_L006_R1_001.fastq.gz,../../../data/WGS/rawdata/P12002/P12002_147/02-FASTQ/190111_ST-E00214_0275_AHWLHMCCXY/P12002_147_S61_L006_R2_001.fastq.gz
CHES,CH,East,EastCH,P12002_147,S16_L001,../../../data/WGS/rawdata/P12002/P12002_147/02-FASTQ/190111_ST-E00214_0276_BHWL33CCXY/P12002_147_S16_L001_R1_001.fastq.gz,../../../data/WGS/rawdata/P12002/P12002_147/02-FASTQ/190111_ST-E00214_0276_BHWL33CCXY/P12002_147_S16_L001_R2_001.fastq.gz
CHES,CH,East,EastCH,P12002_148,S95_L004,../../../data/WGS/rawdata/P12002/P12002_148/02-FASTQ/190111_ST-E00214_0275_AHWLHMCCXY/P12002_148_S95_L004_R1_001.fastq.gz,../../../data/WGS/rawdata/P12002/P12002_148/02-FASTQ/190111_ST-E00214_0275_AHWLHMCCXY/P12002_148_S95_L004_R2_001.fastq.gz
CHES,CH,East,EastCH,P12002_148,S95_L007,../../../data/WGS/rawdata/P12002/P12002_148/02-FASTQ/190111_ST-E00214_0275_AHWLHMCCXY/P12002_148_S95_L007_R1_001.fastq.gz,../../../data/WGS/rawdata/P12002/P12002_148/02-FASTQ/190111_ST-E00214_0275_AHWLHMCCXY/P12002_148_S95_L007_R2_001.fastq.gz
CHES,CH,East,EastCH,P12002_148,S50_L002,../../../data/WGS/rawdata/P12002/P12002_148/02-FASTQ/190111_ST-E00214_0276_BHWL33CCXY/P12002_148_S50_L002_R1_001.fastq.gz,../../../data/WGS/rawdata/P12002/P12002_148/02-FASTQ/190111_ST-E00214_0276_BHWL33CCXY/P12002_148_S50_L002_R2_001.fastq.gz
CHES,CH,East,EastCH,P12002_149,S29_L002,../../../data/WGS/rawdata/P12002/P12002_149/02-FASTQ/190111_ST-E00214_0275_AHWLHMCCXY/P12002_149_S29_L002_R1_001.fastq.gz,../../../data/WGS/rawdata/P12002/P12002_149/02-FASTQ/190111_ST-E00214_0275_AHWLHMCCXY/P12002_149_S29_L002_R2_001.fastq.gz
CHES,CH,East,EastCH,P12002_149,S29_L005,../../../data/WGS/rawdata/P12002/P12002_149/02-FASTQ/190111_ST-E00214_0275_AHWLHMCCXY/P12002_149_S29_L005_R1_001.fastq.gz,../../../data/WGS/rawdata/P12002/P12002_149/02-FASTQ/190111_ST-E00214_0275_AHWLHMCCXY/P12002_149_S29_L005_R2_001.fastq.gz
CHES,CH,East,EastCH,P12002_149,S29_L008,../../../data/WGS/rawdata/P12002/P12002_149/02-FASTQ/190111_ST-E00214_0275_AHWLHMCCXY/P12002_149_S29_L008_R1_001.fastq.gz,../../../data/WGS/rawdata/P12002/P12002_149/02-FASTQ/190111_ST-E00214_0275_AHWLHMCCXY/P12002_149_S29_L008_R2_001.fastq.gz
CHES,CH,East,EastCH,P12002_150,S62_L003,../../../data/WGS/rawdata/P12002/P12002_150/02-FASTQ/190111_ST-E00214_0275_AHWLHMCCXY/P12002_150_S62_L003_R1_001.fastq.gz,../../../data/WGS/rawdata/P12002/P12002_150/02-FASTQ/190111_ST-E00214_0275_AHWLHMCCXY/P12002_150_S62_L003_R2_001.fastq.gz
CHES,CH,East,EastCH,P12002_150,S62_L006,../../../data/WGS/rawdata/P12002/P12002_150/02-FASTQ/190111_ST-E00214_0275_AHWLHMCCXY/P12002_150_S62_L006_R1_001.fastq.gz,../../../data/WGS/rawdata/P12002/P12002_150/02-FASTQ/190111_ST-E00214_0275_AHWLHMCCXY/P12002_150_S62_L006_R2_001.fastq.gz
CHES,CH,East,EastCH,P12002_150,S17_L001,../../../data/WGS/rawdata/P12002/P12002_150/02-FASTQ/190111_ST-E00214_0276_BHWL33CCXY/P12002_150_S17_L001_R1_001.fastq.gz,../../../data/WGS/rawdata/P12002/P12002_150/02-FASTQ/190111_ST-E00214_0276_BHWL33CCXY/P12002_150_S17_L001_R2_001.fastq.gz
CHES,CH,East,EastCH,P12002_152,S30_L002,../../../data/WGS/rawdata/P12002/P12002_152/02-FASTQ/190111_ST-E00214_0275_AHWLHMCCXY/P12002_152_S30_L002_R1_001.fastq.gz,../../../data/WGS/rawdata/P12002/P12002_152/02-FASTQ/190111_ST-E00214_0275_AHWLHMCCXY/P12002_152_S30_L002_R2_001.fastq.gz
CHES,CH,East,EastCH,P12002_152,S30_L005,../../../data/WGS/rawdata/P12002/P12002_152/02-FASTQ/190111_ST-E00214_0275_AHWLHMCCXY/P12002_152_S30_L005_R1_001.fastq.gz,../../../data/WGS/rawdata/P12002/P12002_152/02-FASTQ/190111_ST-E00214_0275_AHWLHMCCXY/P12002_152_S30_L005_R2_001.fastq.gz
CHES,CH,East,EastCH,P12002_152,S30_L008,../../../data/WGS/rawdata/P12002/P12002_152/02-FASTQ/190111_ST-E00214_0275_AHWLHMCCXY/P12002_152_S30_L008_R1_001.fastq.gz,../../../data/WGS/rawdata/P12002/P12002_152/02-FASTQ/190111_ST-E00214_0275_AHWLHMCCXY/P12002_152_S30_L008_R2_001.fastq.gz
CHES,CH,East,EastCH,P12002_153,S63_L003,../../../data/WGS/rawdata/P12002/P12002_153/02-FASTQ/190111_ST-E00214_0275_AHWLHMCCXY/P12002_153_S63_L003_R1_001.fastq.gz,../../../data/WGS/rawdata/P12002/P12002_153/02-FASTQ/190111_ST-E00214_0275_AHWLHMCCXY/P12002_153_S63_L003_R2_001.fastq.gz
CHES,CH,East,EastCH,P12002_153,S63_L006,../../../data/WGS/rawdata/P12002/P12002_153/02-FASTQ/190111_ST-E00214_0275_AHWLHMCCXY/P12002_153_S63_L006_R1_001.fastq.gz,../../../data/WGS/rawdata/P12002/P12002_153/02-FASTQ/190111_ST-E00214_0275_AHWLHMCCXY/P12002_153_S63_L006_R2_001.fastq.gz
CHES,CH,East,EastCH,P12002_153,S18_L001,../../../data/WGS/rawdata/P12002/P12002_153/02-FASTQ/190111_ST-E00214_0276_BHWL33CCXY/P12002_153_S18_L001_R1_001.fastq.gz,../../../data/WGS/rawdata/P12002/P12002_153/02-FASTQ/190111_ST-E00214_0276_BHWL33CCXY/P12002_153_S18_L001_R2_001.fastq.gz
COSK,CO,West,WestCO,P12002_154,S97_L004,../../../data/WGS/rawdata/P12002/P12002_154/02-FASTQ/190111_ST-E00214_0275_AHWLHMCCXY/P12002_154_S97_L004_R1_001.fastq.gz,../../../data/WGS/rawdata/P12002/P12002_154/02-FASTQ/190111_ST-E00214_0275_AHWLHMCCXY/P12002_154_S97_L004_R2_001.fastq.gz
COSK,CO,West,WestCO,P12002_154,S97_L007,../../../data/WGS/rawdata/P12002/P12002_154/02-FASTQ/190111_ST-E00214_0275_AHWLHMCCXY/P12002_154_S97_L007_R1_001.fastq.gz,../../../data/WGS/rawdata/P12002/P12002_154/02-FASTQ/190111_ST-E00214_0275_AHWLHMCCXY/P12002_154_S97_L007_R2_001.fastq.gz
COSK,CO,West,WestCO,P12002_154,S52_L002,../../../data/WGS/rawdata/P12002/P12002_154/02-FASTQ/190111_ST-E00214_0276_BHWL33CCXY/P12002_154_S52_L002_R1_001.fastq.gz,../../../data/WGS/rawdata/P12002/P12002_154/02-FASTQ/190111_ST-E00214_0276_BHWL33CCXY/P12002_154_S52_L002_R2_001.fastq.gz
COSK,CO,West,WestCO,P12002_155,S31_L002,../../../data/WGS/rawdata/P12002/P12002_155/02-FASTQ/190111_ST-E00214_0275_AHWLHMCCXY/P12002_155_S31_L002_R1_001.fastq.gz,../../../data/WGS/rawdata/P12002/P12002_155/02-FASTQ/190111_ST-E00214_0275_AHWLHMCCXY/P12002_155_S31_L002_R2_001.fastq.gz
COSK,CO,West,WestCO,P12002_155,S31_L005,../../../data/WGS/rawdata/P12002/P12002_155/02-FASTQ/190111_ST-E00214_0275_AHWLHMCCXY/P12002_155_S31_L005_R1_001.fastq.gz,../../../data/WGS/rawdata/P12002/P12002_155/02-FASTQ/190111_ST-E00214_0275_AHWLHMCCXY/P12002_155_S31_L005_R2_001.fastq.gz
COSK,CO,West,WestCO,P12002_155,S31_L008,../../../data/WGS/rawdata/P12002/P12002_155/02-FASTQ/190111_ST-E00214_0275_AHWLHMCCXY/P12002_155_S31_L008_R1_001.fastq.gz,../../../data/WGS/rawdata/P12002/P12002_155/02-FASTQ/190111_ST-E00214_0275_AHWLHMCCXY/P12002_155_S31_L008_R2_001.fastq.gz
COSK,CO,West,WestCO,P12002_156,S64_L003,../../../data/WGS/rawdata/P12002/P12002_156/02-FASTQ/190111_ST-E00214_0275_AHWLHMCCXY/P12002_156_S64_L003_R1_001.fastq.gz,../../../data/WGS/rawdata/P12002/P12002_156/02-FASTQ/190111_ST-E00214_0275_AHWLHMCCXY/P12002_156_S64_L003_R2_001.fastq.gz
COSK,CO,West,WestCO,P12002_156,S64_L006,../../../data/WGS/rawdata/P12002/P12002_156/02-FASTQ/190111_ST-E00214_0275_AHWLHMCCXY/P12002_156_S64_L006_R1_001.fastq.gz,../../../data/WGS/rawdata/P12002/P12002_156/02-FASTQ/190111_ST-E00214_0275_AHWLHMCCXY/P12002_156_S64_L006_R2_001.fastq.gz
COSK,CO,West,WestCO,P12002_156,S19_L001,../../../data/WGS/rawdata/P12002/P12002_156/02-FASTQ/190111_ST-E00214_0276_BHWL33CCXY/P12002_156_S19_L001_R1_001.fastq.gz,../../../data/WGS/rawdata/P12002/P12002_156/02-FASTQ/190111_ST-E00214_0276_BHWL33CCXY/P12002_156_S19_L001_R2_001.fastq.gz
COSK,CO,West,WestCO,P12002_157,S98_L004,../../../data/WGS/rawdata/P12002/P12002_157/02-FASTQ/190111_ST-E00214_0275_AHWLHMCCXY/P12002_157_S98_L004_R1_001.fastq.gz,../../../data/WGS/rawdata/P12002/P12002_157/02-FASTQ/190111_ST-E00214_0275_AHWLHMCCXY/P12002_157_S98_L004_R2_001.fastq.gz
COSK,CO,West,WestCO,P12002_157,S98_L007,../../../data/WGS/rawdata/P12002/P12002_157/02-FASTQ/190111_ST-E00214_0275_AHWLHMCCXY/P12002_157_S98_L007_R1_001.fastq.gz,../../../data/WGS/rawdata/P12002/P12002_157/02-FASTQ/190111_ST-E00214_0275_AHWLHMCCXY/P12002_157_S98_L007_R2_001.fastq.gz
COSK,CO,West,WestCO,P12002_157,S53_L002,../../../data/WGS/rawdata/P12002/P12002_157/02-FASTQ/190111_ST-E00214_0276_BHWL33CCXY/P12002_157_S53_L002_R1_001.fastq.gz,../../../data/WGS/rawdata/P12002/P12002_157/02-FASTQ/190111_ST-E00214_0276_BHWL33CCXY/P12002_157_S53_L002_R2_001.fastq.gz
COSK,CO,West,WestCO,P12002_158,S32_L002,../../../data/WGS/rawdata/P12002/P12002_158/02-FASTQ/190111_ST-E00214_0275_AHWLHMCCXY/P12002_158_S32_L002_R1_001.fastq.gz,../../../data/WGS/rawdata/P12002/P12002_158/02-FASTQ/190111_ST-E00214_0275_AHWLHMCCXY/P12002_158_S32_L002_R2_001.fastq.gz
COSK,CO,West,WestCO,P12002_158,S32_L005,../../../data/WGS/rawdata/P12002/P12002_158/02-FASTQ/190111_ST-E00214_0275_AHWLHMCCXY/P12002_158_S32_L005_R1_001.fastq.gz,../../../data/WGS/rawdata/P12002/P12002_158/02-FASTQ/190111_ST-E00214_0275_AHWLHMCCXY/P12002_158_S32_L005_R2_001.fastq.gz
COSK,CO,West,WestCO,P12002_158,S32_L008,../../../data/WGS/rawdata/P12002/P12002_158/02-FASTQ/190111_ST-E00214_0275_AHWLHMCCXY/P12002_158_S32_L008_R1_001.fastq.gz,../../../data/WGS/rawdata/P12002/P12002_158/02-FASTQ/190111_ST-E00214_0275_AHWLHMCCXY/P12002_158_S32_L008_R2_001.fastq.gz
COSK,CO,West,WestCO,P12002_159,S65_L003,../../../data/WGS/rawdata/P12002/P12002_159/02-FASTQ/190111_ST-E00214_0275_AHWLHMCCXY/P12002_159_S65_L003_R1_001.fastq.gz,../../../data/WGS/rawdata/P12002/P12002_159/02-FASTQ/190111_ST-E00214_0275_AHWLHMCCXY/P12002_159_S65_L003_R2_001.fastq.gz
COSK,CO,West,WestCO,P12002_159,S65_L006,../../../data/WGS/rawdata/P12002/P12002_159/02-FASTQ/190111_ST-E00214_0275_AHWLHMCCXY/P12002_159_S65_L006_R1_001.fastq.gz,../../../data/WGS/rawdata/P12002/P12002_159/02-FASTQ/190111_ST-E00214_0275_AHWLHMCCXY/P12002_159_S65_L006_R2_001.fastq.gz
COSK,CO,West,WestCO,P12002_159,S20_L001,../../../data/WGS/rawdata/P12002/P12002_159/02-FASTQ/190111_ST-E00214_0276_BHWL33CCXY/P12002_159_S20_L001_R1_001.fastq.gz,../../../data/WGS/rawdata/P12002/P12002_159/02-FASTQ/190111_ST-E00214_0276_BHWL33CCXY/P12002_159_S20_L001_R2_001.fastq.gz
COSK,CO,West,WestCO,P12002_160,S99_L004,../../../data/WGS/rawdata/P12002/P12002_160/02-FASTQ/190111_ST-E00214_0275_AHWLHMCCXY/P12002_160_S99_L004_R1_001.fastq.gz,../../../data/WGS/rawdata/P12002/P12002_160/02-FASTQ/190111_ST-E00214_0275_AHWLHMCCXY/P12002_160_S99_L004_R2_001.fastq.gz
COSK,CO,West,WestCO,P12002_160,S99_L007,../../../data/WGS/rawdata/P12002/P12002_160/02-FASTQ/190111_ST-E00214_0275_AHWLHMCCXY/P12002_160_S99_L007_R1_001.fastq.gz,../../../data/WGS/rawdata/P12002/P12002_160/02-FASTQ/190111_ST-E00214_0275_AHWLHMCCXY/P12002_160_S99_L007_R2_001.fastq.gz
COSK,CO,West,WestCO,P12002_160,S54_L002,../../../data/WGS/rawdata/P12002/P12002_160/02-FASTQ/190111_ST-E00214_0276_BHWL33CCXY/P12002_160_S54_L002_R1_001.fastq.gz,../../../data/WGS/rawdata/P12002/P12002_160/02-FASTQ/190111_ST-E00214_0276_BHWL33CCXY/P12002_160_S54_L002_R2_001.fastq.gz
COSK,CO,West,WestCO,P12002_161,S33_L002,../../../data/WGS/rawdata/P12002/P12002_161/02-FASTQ/190111_ST-E00214_0275_AHWLHMCCXY/P12002_161_S33_L002_R1_001.fastq.gz,../../../data/WGS/rawdata/P12002/P12002_161/02-FASTQ/190111_ST-E00214_0275_AHWLHMCCXY/P12002_161_S33_L002_R2_001.fastq.gz
COSK,CO,West,WestCO,P12002_161,S33_L005,../../../data/WGS/rawdata/P12002/P12002_161/02-FASTQ/190111_ST-E00214_0275_AHWLHMCCXY/P12002_161_S33_L005_R1_001.fastq.gz,../../../data/WGS/rawdata/P12002/P12002_161/02-FASTQ/190111_ST-E00214_0275_AHWLHMCCXY/P12002_161_S33_L005_R2_001.fastq.gz
COSK,CO,West,WestCO,P12002_161,S33_L008,../../../data/WGS/rawdata/P12002/P12002_161/02-FASTQ/190111_ST-E00214_0275_AHWLHMCCXY/P12002_161_S33_L008_R1_001.fastq.gz,../../../data/WGS/rawdata/P12002/P12002_161/02-FASTQ/190111_ST-E00214_0275_AHWLHMCCXY/P12002_161_S33_L008_R2_001.fastq.gz
COSK,CO,West,WestCO,P12002_162,S66_L003,../../../data/WGS/rawdata/P12002/P12002_162/02-FASTQ/190111_ST-E00214_0275_AHWLHMCCXY/P12002_162_S66_L003_R1_001.fastq.gz,../../../data/WGS/rawdata/P12002/P12002_162/02-FASTQ/190111_ST-E00214_0275_AHWLHMCCXY/P12002_162_S66_L003_R2_001.fastq.gz
COSK,CO,West,WestCO,P12002_162,S66_L006,../../../data/WGS/rawdata/P12002/P12002_162/02-FASTQ/190111_ST-E00214_0275_AHWLHMCCXY/P12002_162_S66_L006_R1_001.fastq.gz,../../../data/WGS/rawdata/P12002/P12002_162/02-FASTQ/190111_ST-E00214_0275_AHWLHMCCXY/P12002_162_S66_L006_R2_001.fastq.gz
COSK,CO,West,WestCO,P12002_162,S21_L001,../../../data/WGS/rawdata/P12002/P12002_162/02-FASTQ/190111_ST-E00214_0276_BHWL33CCXY/P12002_162_S21_L001_R1_001.fastq.gz,../../../data/WGS/rawdata/P12002/P12002_162/02-FASTQ/190111_ST-E00214_0276_BHWL33CCXY/P12002_162_S21_L001_R2_001.fastq.gz
COSK,CO,West,WestCO,P12002_163,S100_L004,../../../data/WGS/rawdata/P12002/P12002_163/02-FASTQ/190111_ST-E00214_0275_AHWLHMCCXY/P12002_163_S100_L004_R1_001.fastq.gz,../../../data/WGS/rawdata/P12002/P12002_163/02-FASTQ/190111_ST-E00214_0275_AHWLHMCCXY/P12002_163_S100_L004_R2_001.fastq.gz
COSK,CO,West,WestCO,P12002_163,S100_L007,../../../data/WGS/rawdata/P12002/P12002_163/02-FASTQ/190111_ST-E00214_0275_AHWLHMCCXY/P12002_163_S100_L007_R1_001.fastq.gz,../../../data/WGS/rawdata/P12002/P12002_163/02-FASTQ/190111_ST-E00214_0275_AHWLHMCCXY/P12002_163_S100_L007_R2_001.fastq.gz
COSK,CO,West,WestCO,P12002_163,S55_L002,../../../data/WGS/rawdata/P12002/P12002_163/02-FASTQ/190111_ST-E00214_0276_BHWL33CCXY/P12002_163_S55_L002_R1_001.fastq.gz,../../../data/WGS/rawdata/P12002/P12002_163/02-FASTQ/190111_ST-E00214_0276_BHWL33CCXY/P12002_163_S55_L002_R2_001.fastq.gz
COLI,CO,East,EastCO,P12002_164,S34_L002,../../../data/WGS/rawdata/P12002/P12002_164/02-FASTQ/190111_ST-E00214_0275_AHWLHMCCXY/P12002_164_S34_L002_R1_001.fastq.gz,../../../data/WGS/rawdata/P12002/P12002_164/02-FASTQ/190111_ST-E00214_0275_AHWLHMCCXY/P12002_164_S34_L002_R2_001.fastq.gz
COLI,CO,East,EastCO,P12002_164,S34_L005,../../../data/WGS/rawdata/P12002/P12002_164/02-FASTQ/190111_ST-E00214_0275_AHWLHMCCXY/P12002_164_S34_L005_R1_001.fastq.gz,../../../data/WGS/rawdata/P12002/P12002_164/02-FASTQ/190111_ST-E00214_0275_AHWLHMCCXY/P12002_164_S34_L005_R2_001.fastq.gz
COLI,CO,East,EastCO,P12002_164,S34_L008,../../../data/WGS/rawdata/P12002/P12002_164/02-FASTQ/190111_ST-E00214_0275_AHWLHMCCXY/P12002_164_S34_L008_R1_001.fastq.gz,../../../data/WGS/rawdata/P12002/P12002_164/02-FASTQ/190111_ST-E00214_0275_AHWLHMCCXY/P12002_164_S34_L008_R2_001.fastq.gz
COLI,CO,East,EastCO,P12002_165,S67_L003,../../../data/WGS/rawdata/P12002/P12002_165/02-FASTQ/190111_ST-E00214_0275_AHWLHMCCXY/P12002_165_S67_L003_R1_001.fastq.gz,../../../data/WGS/rawdata/P12002/P12002_165/02-FASTQ/190111_ST-E00214_0275_AHWLHMCCXY/P12002_165_S67_L003_R2_001.fastq.gz
COLI,CO,East,EastCO,P12002_165,S67_L006,../../../data/WGS/rawdata/P12002/P12002_165/02-FASTQ/190111_ST-E00214_0275_AHWLHMCCXY/P12002_165_S67_L006_R1_001.fastq.gz,../../../data/WGS/rawdata/P12002/P12002_165/02-FASTQ/190111_ST-E00214_0275_AHWLHMCCXY/P12002_165_S67_L006_R2_001.fastq.gz
COLI,CO,East,EastCO,P12002_165,S22_L001,../../../data/WGS/rawdata/P12002/P12002_165/02-FASTQ/190111_ST-E00214_0276_BHWL33CCXY/P12002_165_S22_L001_R1_001.fastq.gz,../../../data/WGS/rawdata/P12002/P12002_165/02-FASTQ/190111_ST-E00214_0276_BHWL33CCXY/P12002_165_S22_L001_R2_001.fastq.gz
COLI,CO,East,EastCO,P12002_166,S101_L004,../../../data/WGS/rawdata/P12002/P12002_166/02-FASTQ/190111_ST-E00214_0275_AHWLHMCCXY/P12002_166_S101_L004_R1_001.fastq.gz,../../../data/WGS/rawdata/P12002/P12002_166/02-FASTQ/190111_ST-E00214_0275_AHWLHMCCXY/P12002_166_S101_L004_R2_001.fastq.gz
COLI,CO,East,EastCO,P12002_166,S101_L007,../../../data/WGS/rawdata/P12002/P12002_166/02-FASTQ/190111_ST-E00214_0275_AHWLHMCCXY/P12002_166_S101_L007_R1_001.fastq.gz,../../../data/WGS/rawdata/P12002/P12002_166/02-FASTQ/190111_ST-E00214_0275_AHWLHMCCXY/P12002_166_S101_L007_R2_001.fastq.gz
COLI,CO,East,EastCO,P12002_166,S56_L002,../../../data/WGS/rawdata/P12002/P12002_166/02-FASTQ/190111_ST-E00214_0276_BHWL33CCXY/P12002_166_S56_L002_R1_001.fastq.gz,../../../data/WGS/rawdata/P12002/P12002_166/02-FASTQ/190111_ST-E00214_0276_BHWL33CCXY/P12002_166_S56_L002_R2_001.fastq.gz
COLI,CO,East,EastCO,P12002_167,S35_L002,../../../data/WGS/rawdata/P12002/P12002_167/02-FASTQ/190111_ST-E00214_0275_AHWLHMCCXY/P12002_167_S35_L002_R1_001.fastq.gz,../../../data/WGS/rawdata/P12002/P12002_167/02-FASTQ/190111_ST-E00214_0275_AHWLHMCCXY/P12002_167_S35_L002_R2_001.fastq.gz
COLI,CO,East,EastCO,P12002_167,S35_L005,../../../data/WGS/rawdata/P12002/P12002_167/02-FASTQ/190111_ST-E00214_0275_AHWLHMCCXY/P12002_167_S35_L005_R1_001.fastq.gz,../../../data/WGS/rawdata/P12002/P12002_167/02-FASTQ/190111_ST-E00214_0275_AHWLHMCCXY/P12002_167_S35_L005_R2_001.fastq.gz
COLI,CO,East,EastCO,P12002_167,S35_L008,../../../data/WGS/rawdata/P12002/P12002_167/02-FASTQ/190111_ST-E00214_0275_AHWLHMCCXY/P12002_167_S35_L008_R1_001.fastq.gz,../../../data/WGS/rawdata/P12002/P12002_167/02-FASTQ/190111_ST-E00214_0275_AHWLHMCCXY/P12002_167_S35_L008_R2_001.fastq.gz
COLI,CO,East,EastCO,P12002_168,S68_L003,../../../data/WGS/rawdata/P12002/P12002_168/02-FASTQ/190111_ST-E00214_0275_AHWLHMCCXY/P12002_168_S68_L003_R1_001.fastq.gz,../../../data/WGS/rawdata/P12002/P12002_168/02-FASTQ/190111_ST-E00214_0275_AHWLHMCCXY/P12002_168_S68_L003_R2_001.fastq.gz
COLI,CO,East,EastCO,P12002_168,S68_L006,../../../data/WGS/rawdata/P12002/P12002_168/02-FASTQ/190111_ST-E00214_0275_AHWLHMCCXY/P12002_168_S68_L006_R1_001.fastq.gz,../../../data/WGS/rawdata/P12002/P12002_168/02-FASTQ/190111_ST-E00214_0275_AHWLHMCCXY/P12002_168_S68_L006_R2_001.fastq.gz
COLI,CO,East,EastCO,P12002_168,S23_L001,../../../data/WGS/rawdata/P12002/P12002_168/02-FASTQ/190111_ST-E00214_0276_BHWL33CCXY/P12002_168_S23_L001_R1_001.fastq.gz,../../../data/WGS/rawdata/P12002/P12002_168/02-FASTQ/190111_ST-E00214_0276_BHWL33CCXY/P12002_168_S23_L001_R2_001.fastq.gz
COLI,CO,East,EastCO,P12002_169,S102_L004,../../../data/WGS/rawdata/P12002/P12002_169/02-FASTQ/190111_ST-E00214_0275_AHWLHMCCXY/P12002_169_S102_L004_R1_001.fastq.gz,../../../data/WGS/rawdata/P12002/P12002_169/02-FASTQ/190111_ST-E00214_0275_AHWLHMCCXY/P12002_169_S102_L004_R2_001.fastq.gz
COLI,CO,East,EastCO,P12002_169,S102_L007,../../../data/WGS/rawdata/P12002/P12002_169/02-FASTQ/190111_ST-E00214_0275_AHWLHMCCXY/P12002_169_S102_L007_R1_001.fastq.gz,../../../data/WGS/rawdata/P12002/P12002_169/02-FASTQ/190111_ST-E00214_0275_AHWLHMCCXY/P12002_169_S102_L007_R2_001.fastq.gz
COLI,CO,East,EastCO,P12002_169,S57_L002,../../../data/WGS/rawdata/P12002/P12002_169/02-FASTQ/190111_ST-E00214_0276_BHWL33CCXY/P12002_169_S57_L002_R1_001.fastq.gz,../../../data/WGS/rawdata/P12002/P12002_169/02-FASTQ/190111_ST-E00214_0276_BHWL33CCXY/P12002_169_S57_L002_R2_001.fastq.gz
COLI,CO,East,EastCO,P12002_170,S36_L002,../../../data/WGS/rawdata/P12002/P12002_170/02-FASTQ/190111_ST-E00214_0275_AHWLHMCCXY/P12002_170_S36_L002_R1_001.fastq.gz,../../../data/WGS/rawdata/P12002/P12002_170/02-FASTQ/190111_ST-E00214_0275_AHWLHMCCXY/P12002_170_S36_L002_R2_001.fastq.gz
COLI,CO,East,EastCO,P12002_170,S36_L005,../../../data/WGS/rawdata/P12002/P12002_170/02-FASTQ/190111_ST-E00214_0275_AHWLHMCCXY/P12002_170_S36_L005_R1_001.fastq.gz,../../../data/WGS/rawdata/P12002/P12002_170/02-FASTQ/190111_ST-E00214_0275_AHWLHMCCXY/P12002_170_S36_L005_R2_001.fastq.gz
COLI,CO,East,EastCO,P12002_170,S36_L008,../../../data/WGS/rawdata/P12002/P12002_170/02-FASTQ/190111_ST-E00214_0275_AHWLHMCCXY/P12002_170_S36_L008_R1_001.fastq.gz,../../../data/WGS/rawdata/P12002/P12002_170/02-FASTQ/190111_ST-E00214_0275_AHWLHMCCXY/P12002_170_S36_L008_R2_001.fastq.gz
COLI,CO,East,EastCO,P12002_171,S69_L003,../../../data/WGS/rawdata/P12002/P12002_171/02-FASTQ/190111_ST-E00214_0275_AHWLHMCCXY/P12002_171_S69_L003_R1_001.fastq.gz,../../../data/WGS/rawdata/P12002/P12002_171/02-FASTQ/190111_ST-E00214_0275_AHWLHMCCXY/P12002_171_S69_L003_R2_001.fastq.gz
COLI,CO,East,EastCO,P12002_171,S69_L006,../../../data/WGS/rawdata/P12002/P12002_171/02-FASTQ/190111_ST-E00214_0275_AHWLHMCCXY/P12002_171_S69_L006_R1_001.fastq.gz,../../../data/WGS/rawdata/P12002/P12002_171/02-FASTQ/190111_ST-E00214_0275_AHWLHMCCXY/P12002_171_S69_L006_R2_001.fastq.gz
COLI,CO,East,EastCO,P12002_171,S24_L001,../../../data/WGS/rawdata/P12002/P12002_171/02-FASTQ/190111_ST-E00214_0276_BHWL33CCXY/P12002_171_S24_L001_R1_001.fastq.gz,../../../data/WGS/rawdata/P12002/P12002_171/02-FASTQ/190111_ST-E00214_0276_BHWL33CCXY/P12002_171_S24_L001_R2_001.fastq.gz
COLI,CO,East,EastCO,P12002_172,S103_L004,../../../data/WGS/rawdata/P12002/P12002_172/02-FASTQ/190111_ST-E00214_0275_AHWLHMCCXY/P12002_172_S103_L004_R1_001.fastq.gz,../../../data/WGS/rawdata/P12002/P12002_172/02-FASTQ/190111_ST-E00214_0275_AHWLHMCCXY/P12002_172_S103_L004_R2_001.fastq.gz
COLI,CO,East,EastCO,P12002_172,S103_L007,../../../data/WGS/rawdata/P12002/P12002_172/02-FASTQ/190111_ST-E00214_0275_AHWLHMCCXY/P12002_172_S103_L007_R1_001.fastq.gz,../../../data/WGS/rawdata/P12002/P12002_172/02-FASTQ/190111_ST-E00214_0275_AHWLHMCCXY/P12002_172_S103_L007_R2_001.fastq.gz
COLI,CO,East,EastCO,P12002_172,S58_L002,../../../data/WGS/rawdata/P12002/P12002_172/02-FASTQ/190111_ST-E00214_0276_BHWL33CCXY/P12002_172_S58_L002_R1_001.fastq.gz,../../../data/WGS/rawdata/P12002/P12002_172/02-FASTQ/190111_ST-E00214_0276_BHWL33CCXY/P12002_172_S58_L002_R2_001.fastq.gz
COLI,CO,East,EastCO,P12002_173,S37_L002,../../../data/WGS/rawdata/P12002/P12002_173/02-FASTQ/190111_ST-E00214_0275_AHWLHMCCXY/P12002_173_S37_L002_R1_001.fastq.gz,../../../data/WGS/rawdata/P12002/P12002_173/02-FASTQ/190111_ST-E00214_0275_AHWLHMCCXY/P12002_173_S37_L002_R2_001.fastq.gz
COLI,CO,East,EastCO,P12002_173,S37_L005,../../../data/WGS/rawdata/P12002/P12002_173/02-FASTQ/190111_ST-E00214_0275_AHWLHMCCXY/P12002_173_S37_L005_R1_001.fastq.gz,../../../data/WGS/rawdata/P12002/P12002_173/02-FASTQ/190111_ST-E00214_0275_AHWLHMCCXY/P12002_173_S37_L005_R2_001.fastq.gz
COLI,CO,East,EastCO,P12002_173,S37_L008,../../../data/WGS/rawdata/P12002/P12002_173/02-FASTQ/190111_ST-E00214_0275_AHWLHMCCXY/P12002_173_S37_L008_R1_001.fastq.gz,../../../data/WGS/rawdata/P12002/P12002_173/02-FASTQ/190111_ST-E00214_0275_AHWLHMCCXY/P12002_173_S37_L008_R2_001.fastq.gz
COLI,CO,East,EastCO,P12002_174,S70_L003,../../../data/WGS/rawdata/P12002/P12002_174/02-FASTQ/190111_ST-E00214_0275_AHWLHMCCXY/P12002_174_S70_L003_R1_001.fastq.gz,../../../data/WGS/rawdata/P12002/P12002_174/02-FASTQ/190111_ST-E00214_0275_AHWLHMCCXY/P12002_174_S70_L003_R2_001.fastq.gz
COLI,CO,East,EastCO,P12002_174,S70_L006,../../../data/WGS/rawdata/P12002/P12002_174/02-FASTQ/190111_ST-E00214_0275_AHWLHMCCXY/P12002_174_S70_L006_R1_001.fastq.gz,../../../data/WGS/rawdata/P12002/P12002_174/02-FASTQ/190111_ST-E00214_0275_AHWLHMCCXY/P12002_174_S70_L006_R2_001.fastq.gz
COLI,CO,East,EastCO,P12002_174,S25_L001,../../../data/WGS/rawdata/P12002/P12002_174/02-FASTQ/190111_ST-E00214_0276_BHWL33CCXY/P12002_174_S25_L001_R1_001.fastq.gz,../../../data/WGS/rawdata/P12002/P12002_174/02-FASTQ/190111_ST-E00214_0276_BHWL33CCXY/P12002_174_S25_L001_R2_001.fastq.gz
COES,CO,East,EastCO,P12002_175,S104_L004,../../../data/WGS/rawdata/P12002/P12002_175/02-FASTQ/190111_ST-E00214_0275_AHWLHMCCXY/P12002_175_S104_L004_R1_001.fastq.gz,../../../data/WGS/rawdata/P12002/P12002_175/02-FASTQ/190111_ST-E00214_0275_AHWLHMCCXY/P12002_175_S104_L004_R2_001.fastq.gz
COES,CO,East,EastCO,P12002_175,S104_L007,../../../data/WGS/rawdata/P12002/P12002_175/02-FASTQ/190111_ST-E00214_0275_AHWLHMCCXY/P12002_175_S104_L007_R1_001.fastq.gz,../../../data/WGS/rawdata/P12002/P12002_175/02-FASTQ/190111_ST-E00214_0275_AHWLHMCCXY/P12002_175_S104_L007_R2_001.fastq.gz
COES,CO,East,EastCO,P12002_175,S59_L002,../../../data/WGS/rawdata/P12002/P12002_175/02-FASTQ/190111_ST-E00214_0276_BHWL33CCXY/P12002_175_S59_L002_R1_001.fastq.gz,../../../data/WGS/rawdata/P12002/P12002_175/02-FASTQ/190111_ST-E00214_0276_BHWL33CCXY/P12002_175_S59_L002_R2_001.fastq.gz
COES,CO,East,EastCO,P12002_176,S38_L002,../../../data/WGS/rawdata/P12002/P12002_176/02-FASTQ/190111_ST-E00214_0275_AHWLHMCCXY/P12002_176_S38_L002_R1_001.fastq.gz,../../../data/WGS/rawdata/P12002/P12002_176/02-FASTQ/190111_ST-E00214_0275_AHWLHMCCXY/P12002_176_S38_L002_R2_001.fastq.gz
COES,CO,East,EastCO,P12002_176,S38_L005,../../../data/WGS/rawdata/P12002/P12002_176/02-FASTQ/190111_ST-E00214_0275_AHWLHMCCXY/P12002_176_S38_L005_R1_001.fastq.gz,../../../data/WGS/rawdata/P12002/P12002_176/02-FASTQ/190111_ST-E00214_0275_AHWLHMCCXY/P12002_176_S38_L005_R2_001.fastq.gz
COES,CO,East,EastCO,P12002_176,S38_L008,../../../data/WGS/rawdata/P12002/P12002_176/02-FASTQ/190111_ST-E00214_0275_AHWLHMCCXY/P12002_176_S38_L008_R1_001.fastq.gz,../../../data/WGS/rawdata/P12002/P12002_176/02-FASTQ/190111_ST-E00214_0275_AHWLHMCCXY/P12002_176_S38_L008_R2_001.fastq.gz
COES,CO,East,EastCO,P12002_177,S71_L003,../../../data/WGS/rawdata/P12002/P12002_177/02-FASTQ/190111_ST-E00214_0275_AHWLHMCCXY/P12002_177_S71_L003_R1_001.fastq.gz,../../../data/WGS/rawdata/P12002/P12002_177/02-FASTQ/190111_ST-E00214_0275_AHWLHMCCXY/P12002_177_S71_L003_R2_001.fastq.gz
COES,CO,East,EastCO,P12002_177,S71_L006,../../../data/WGS/rawdata/P12002/P12002_177/02-FASTQ/190111_ST-E00214_0275_AHWLHMCCXY/P12002_177_S71_L006_R1_001.fastq.gz,../../../data/WGS/rawdata/P12002/P12002_177/02-FASTQ/190111_ST-E00214_0275_AHWLHMCCXY/P12002_177_S71_L006_R2_001.fastq.gz
COES,CO,East,EastCO,P12002_177,S26_L001,../../../data/WGS/rawdata/P12002/P12002_177/02-FASTQ/190111_ST-E00214_0276_BHWL33CCXY/P12002_177_S26_L001_R1_001.fastq.gz,../../../data/WGS/rawdata/P12002/P12002_177/02-FASTQ/190111_ST-E00214_0276_BHWL33CCXY/P12002_177_S26_L001_R2_001.fastq.gz
COES,CO,East,EastCO,P12002_178,S105_L004,../../../data/WGS/rawdata/P12002/P12002_178/02-FASTQ/190111_ST-E00214_0275_AHWLHMCCXY/P12002_178_S105_L004_R1_001.fastq.gz,../../../data/WGS/rawdata/P12002/P12002_178/02-FASTQ/190111_ST-E00214_0275_AHWLHMCCXY/P12002_178_S105_L004_R2_001.fastq.gz
COES,CO,East,EastCO,P12002_178,S105_L007,../../../data/WGS/rawdata/P12002/P12002_178/02-FASTQ/190111_ST-E00214_0275_AHWLHMCCXY/P12002_178_S105_L007_R1_001.fastq.gz,../../../data/WGS/rawdata/P12002/P12002_178/02-FASTQ/190111_ST-E00214_0275_AHWLHMCCXY/P12002_178_S105_L007_R2_001.fastq.gz
COES,CO,East,EastCO,P12002_178,S60_L002,../../../data/WGS/rawdata/P12002/P12002_178/02-FASTQ/190111_ST-E00214_0276_BHWL33CCXY/P12002_178_S60_L002_R1_001.fastq.gz,../../../data/WGS/rawdata/P12002/P12002_178/02-FASTQ/190111_ST-E00214_0276_BHWL33CCXY/P12002_178_S60_L002_R2_001.fastq.gz
COES,CO,East,EastCO,P12002_179,S39_L002,../../../data/WGS/rawdata/P12002/P12002_179/02-FASTQ/190111_ST-E00214_0275_AHWLHMCCXY/P12002_179_S39_L002_R1_001.fastq.gz,../../../data/WGS/rawdata/P12002/P12002_179/02-FASTQ/190111_ST-E00214_0275_AHWLHMCCXY/P12002_179_S39_L002_R2_001.fastq.gz
COES,CO,East,EastCO,P12002_179,S39_L005,../../../data/WGS/rawdata/P12002/P12002_179/02-FASTQ/190111_ST-E00214_0275_AHWLHMCCXY/P12002_179_S39_L005_R1_001.fastq.gz,../../../data/WGS/rawdata/P12002/P12002_179/02-FASTQ/190111_ST-E00214_0275_AHWLHMCCXY/P12002_179_S39_L005_R2_001.fastq.gz
COES,CO,East,EastCO,P12002_179,S39_L008,../../../data/WGS/rawdata/P12002/P12002_179/02-FASTQ/190111_ST-E00214_0275_AHWLHMCCXY/P12002_179_S39_L008_R1_001.fastq.gz,../../../data/WGS/rawdata/P12002/P12002_179/02-FASTQ/190111_ST-E00214_0275_AHWLHMCCXY/P12002_179_S39_L008_R2_001.fastq.gz
COES,CO,East,EastCO,P12002_180,S72_L003,../../../data/WGS/rawdata/P12002/P12002_180/02-FASTQ/190111_ST-E00214_0275_AHWLHMCCXY/P12002_180_S72_L003_R1_001.fastq.gz,../../../data/WGS/rawdata/P12002/P12002_180/02-FASTQ/190111_ST-E00214_0275_AHWLHMCCXY/P12002_180_S72_L003_R2_001.fastq.gz
COES,CO,East,EastCO,P12002_180,S72_L006,../../../data/WGS/rawdata/P12002/P12002_180/02-FASTQ/190111_ST-E00214_0275_AHWLHMCCXY/P12002_180_S72_L006_R1_001.fastq.gz,../../../data/WGS/rawdata/P12002/P12002_180/02-FASTQ/190111_ST-E00214_0275_AHWLHMCCXY/P12002_180_S72_L006_R2_001.fastq.gz
COES,CO,East,EastCO,P12002_180,S27_L001,../../../data/WGS/rawdata/P12002/P12002_180/02-FASTQ/190111_ST-E00214_0276_BHWL33CCXY/P12002_180_S27_L001_R1_001.fastq.gz,../../../data/WGS/rawdata/P12002/P12002_180/02-FASTQ/190111_ST-E00214_0276_BHWL33CCXY/P12002_180_S27_L001_R2_001.fastq.gz
COES,CO,East,EastCO,P12002_181,S106_L004,../../../data/WGS/rawdata/P12002/P12002_181/02-FASTQ/190111_ST-E00214_0275_AHWLHMCCXY/P12002_181_S106_L004_R1_001.fastq.gz,../../../data/WGS/rawdata/P12002/P12002_181/02-FASTQ/190111_ST-E00214_0275_AHWLHMCCXY/P12002_181_S106_L004_R2_001.fastq.gz
COES,CO,East,EastCO,P12002_181,S106_L007,../../../data/WGS/rawdata/P12002/P12002_181/02-FASTQ/190111_ST-E00214_0275_AHWLHMCCXY/P12002_181_S106_L007_R1_001.fastq.gz,../../../data/WGS/rawdata/P12002/P12002_181/02-FASTQ/190111_ST-E00214_0275_AHWLHMCCXY/P12002_181_S106_L007_R2_001.fastq.gz
COES,CO,East,EastCO,P12002_181,S61_L002,../../../data/WGS/rawdata/P12002/P12002_181/02-FASTQ/190111_ST-E00214_0276_BHWL33CCXY/P12002_181_S61_L002_R1_001.fastq.gz,../../../data/WGS/rawdata/P12002/P12002_181/02-FASTQ/190111_ST-E00214_0276_BHWL33CCXY/P12002_181_S61_L002_R2_001.fastq.gz
COES,CO,East,EastCO,P12002_182,S40_L002,../../../data/WGS/rawdata/P12002/P12002_182/02-FASTQ/190111_ST-E00214_0275_AHWLHMCCXY/P12002_182_S40_L002_R1_001.fastq.gz,../../../data/WGS/rawdata/P12002/P12002_182/02-FASTQ/190111_ST-E00214_0275_AHWLHMCCXY/P12002_182_S40_L002_R2_001.fastq.gz
COES,CO,East,EastCO,P12002_182,S40_L005,../../../data/WGS/rawdata/P12002/P12002_182/02-FASTQ/190111_ST-E00214_0275_AHWLHMCCXY/P12002_182_S40_L005_R1_001.fastq.gz,../../../data/WGS/rawdata/P12002/P12002_182/02-FASTQ/190111_ST-E00214_0275_AHWLHMCCXY/P12002_182_S40_L005_R2_001.fastq.gz
COES,CO,East,EastCO,P12002_182,S40_L008,../../../data/WGS/rawdata/P12002/P12002_182/02-FASTQ/190111_ST-E00214_0275_AHWLHMCCXY/P12002_182_S40_L008_R1_001.fastq.gz,../../../data/WGS/rawdata/P12002/P12002_182/02-FASTQ/190111_ST-E00214_0275_AHWLHMCCXY/P12002_182_S40_L008_R2_001.fastq.gz
COES,CO,East,EastCO,P12002_183,S73_L003,../../../data/WGS/rawdata/P12002/P12002_183/02-FASTQ/190111_ST-E00214_0275_AHWLHMCCXY/P12002_183_S73_L003_R1_001.fastq.gz,../../../data/WGS/rawdata/P12002/P12002_183/02-FASTQ/190111_ST-E00214_0275_AHWLHMCCXY/P12002_183_S73_L003_R2_001.fastq.gz
COES,CO,East,EastCO,P12002_183,S73_L006,../../../data/WGS/rawdata/P12002/P12002_183/02-FASTQ/190111_ST-E00214_0275_AHWLHMCCXY/P12002_183_S73_L006_R1_001.fastq.gz,../../../data/WGS/rawdata/P12002/P12002_183/02-FASTQ/190111_ST-E00214_0275_AHWLHMCCXY/P12002_183_S73_L006_R2_001.fastq.gz
COES,CO,East,EastCO,P12002_183,S28_L001,../../../data/WGS/rawdata/P12002/P12002_183/02-FASTQ/190111_ST-E00214_0276_BHWL33CCXY/P12002_183_S28_L001_R1_001.fastq.gz,../../../data/WGS/rawdata/P12002/P12002_183/02-FASTQ/190111_ST-E00214_0276_BHWL33CCXY/P12002_183_S28_L001_R2_001.fastq.gz
COES,CO,East,EastCO,P12002_184,S107_L004,../../../data/WGS/rawdata/P12002/P12002_184/02-FASTQ/190111_ST-E00214_0275_AHWLHMCCXY/P12002_184_S107_L004_R1_001.fastq.gz,../../../data/WGS/rawdata/P12002/P12002_184/02-FASTQ/190111_ST-E00214_0275_AHWLHMCCXY/P12002_184_S107_L004_R2_001.fastq.gz
COES,CO,East,EastCO,P12002_184,S107_L007,../../../data/WGS/rawdata/P12002/P12002_184/02-FASTQ/190111_ST-E00214_0275_AHWLHMCCXY/P12002_184_S107_L007_R1_001.fastq.gz,../../../data/WGS/rawdata/P12002/P12002_184/02-FASTQ/190111_ST-E00214_0275_AHWLHMCCXY/P12002_184_S107_L007_R2_001.fastq.gz
COES,CO,East,EastCO,P12002_184,S62_L002,../../../data/WGS/rawdata/P12002/P12002_184/02-FASTQ/190111_ST-E00214_0276_BHWL33CCXY/P12002_184_S62_L002_R1_001.fastq.gz,../../../data/WGS/rawdata/P12002/P12002_184/02-FASTQ/190111_ST-E00214_0276_BHWL33CCXY/P12002_184_S62_L002_R2_001.fastq.gz
CHSC,CH,Scot,ScotCH,P12002_185,S41_L002,../../../data/WGS/rawdata/P12002/P12002_185/02-FASTQ/190111_ST-E00214_0275_AHWLHMCCXY/P12002_185_S41_L002_R1_001.fastq.gz,../../../data/WGS/rawdata/P12002/P12002_185/02-FASTQ/190111_ST-E00214_0275_AHWLHMCCXY/P12002_185_S41_L002_R2_001.fastq.gz
CHSC,CH,Scot,ScotCH,P12002_185,S41_L005,../../../data/WGS/rawdata/P12002/P12002_185/02-FASTQ/190111_ST-E00214_0275_AHWLHMCCXY/P12002_185_S41_L005_R1_001.fastq.gz,../../../data/WGS/rawdata/P12002/P12002_185/02-FASTQ/190111_ST-E00214_0275_AHWLHMCCXY/P12002_185_S41_L005_R2_001.fastq.gz
CHSC,CH,Scot,ScotCH,P12002_185,S41_L008,../../../data/WGS/rawdata/P12002/P12002_185/02-FASTQ/190111_ST-E00214_0275_AHWLHMCCXY/P12002_185_S41_L008_R1_001.fastq.gz,../../../data/WGS/rawdata/P12002/P12002_185/02-FASTQ/190111_ST-E00214_0275_AHWLHMCCXY/P12002_185_S41_L008_R2_001.fastq.gz
CHSC,CH,Scot,ScotCH,P12002_186,S74_L003,../../../data/WGS/rawdata/P12002/P12002_186/02-FASTQ/190111_ST-E00214_0275_AHWLHMCCXY/P12002_186_S74_L003_R1_001.fastq.gz,../../../data/WGS/rawdata/P12002/P12002_186/02-FASTQ/190111_ST-E00214_0275_AHWLHMCCXY/P12002_186_S74_L003_R2_001.fastq.gz
CHSC,CH,Scot,ScotCH,P12002_186,S74_L006,../../../data/WGS/rawdata/P12002/P12002_186/02-FASTQ/190111_ST-E00214_0275_AHWLHMCCXY/P12002_186_S74_L006_R1_001.fastq.gz,../../../data/WGS/rawdata/P12002/P12002_186/02-FASTQ/190111_ST-E00214_0275_AHWLHMCCXY/P12002_186_S74_L006_R2_001.fastq.gz
CHSC,CH,Scot,ScotCH,P12002_186,S29_L001,../../../data/WGS/rawdata/P12002/P12002_186/02-FASTQ/190111_ST-E00214_0276_BHWL33CCXY/P12002_186_S29_L001_R1_001.fastq.gz,../../../data/WGS/rawdata/P12002/P12002_186/02-FASTQ/190111_ST-E00214_0276_BHWL33CCXY/P12002_186_S29_L001_R2_001.fastq.gz
CHSC,CH,Scot,ScotCH,P12002_187,S108_L004,../../../data/WGS/rawdata/P12002/P12002_187/02-FASTQ/190111_ST-E00214_0275_AHWLHMCCXY/P12002_187_S108_L004_R1_001.fastq.gz,../../../data/WGS/rawdata/P12002/P12002_187/02-FASTQ/190111_ST-E00214_0275_AHWLHMCCXY/P12002_187_S108_L004_R2_001.fastq.gz
CHSC,CH,Scot,ScotCH,P12002_187,S108_L007,../../../data/WGS/rawdata/P12002/P12002_187/02-FASTQ/190111_ST-E00214_0275_AHWLHMCCXY/P12002_187_S108_L007_R1_001.fastq.gz,../../../data/WGS/rawdata/P12002/P12002_187/02-FASTQ/190111_ST-E00214_0275_AHWLHMCCXY/P12002_187_S108_L007_R2_001.fastq.gz
CHSC,CH,Scot,ScotCH,P12002_187,S63_L002,../../../data/WGS/rawdata/P12002/P12002_187/02-FASTQ/190111_ST-E00214_0276_BHWL33CCXY/P12002_187_S63_L002_R1_001.fastq.gz,../../../data/WGS/rawdata/P12002/P12002_187/02-FASTQ/190111_ST-E00214_0276_BHWL33CCXY/P12002_187_S63_L002_R2_001.fastq.gz
CHSC,CH,Scot,ScotCH,P12002_188,S42_L002,../../../data/WGS/rawdata/P12002/P12002_188/02-FASTQ/190111_ST-E00214_0275_AHWLHMCCXY/P12002_188_S42_L002_R1_001.fastq.gz,../../../data/WGS/rawdata/P12002/P12002_188/02-FASTQ/190111_ST-E00214_0275_AHWLHMCCXY/P12002_188_S42_L002_R2_001.fastq.gz
CHSC,CH,Scot,ScotCH,P12002_188,S42_L005,../../../data/WGS/rawdata/P12002/P12002_188/02-FASTQ/190111_ST-E00214_0275_AHWLHMCCXY/P12002_188_S42_L005_R1_001.fastq.gz,../../../data/WGS/rawdata/P12002/P12002_188/02-FASTQ/190111_ST-E00214_0275_AHWLHMCCXY/P12002_188_S42_L005_R2_001.fastq.gz
CHSC,CH,Scot,ScotCH,P12002_188,S42_L008,../../../data/WGS/rawdata/P12002/P12002_188/02-FASTQ/190111_ST-E00214_0275_AHWLHMCCXY/P12002_188_S42_L008_R1_001.fastq.gz,../../../data/WGS/rawdata/P12002/P12002_188/02-FASTQ/190111_ST-E00214_0275_AHWLHMCCXY/P12002_188_S42_L008_R2_001.fastq.gz
CHSC,CH,Scot,ScotCH,P12002_189,S75_L003,../../../data/WGS/rawdata/P12002/P12002_189/02-FASTQ/190111_ST-E00214_0275_AHWLHMCCXY/P12002_189_S75_L003_R1_001.fastq.gz,../../../data/WGS/rawdata/P12002/P12002_189/02-FASTQ/190111_ST-E00214_0275_AHWLHMCCXY/P12002_189_S75_L003_R2_001.fastq.gz
CHSC,CH,Scot,ScotCH,P12002_189,S75_L006,../../../data/WGS/rawdata/P12002/P12002_189/02-FASTQ/190111_ST-E00214_0275_AHWLHMCCXY/P12002_189_S75_L006_R1_001.fastq.gz,../../../data/WGS/rawdata/P12002/P12002_189/02-FASTQ/190111_ST-E00214_0275_AHWLHMCCXY/P12002_189_S75_L006_R2_001.fastq.gz
CHSC,CH,Scot,ScotCH,P12002_189,S30_L001,../../../data/WGS/rawdata/P12002/P12002_189/02-FASTQ/190111_ST-E00214_0276_BHWL33CCXY/P12002_189_S30_L001_R1_001.fastq.gz,../../../data/WGS/rawdata/P12002/P12002_189/02-FASTQ/190111_ST-E00214_0276_BHWL33CCXY/P12002_189_S30_L001_R2_001.fastq.gz
CHSC,CH,Scot,ScotCH,P12002_190,S109_L004,../../../data/WGS/rawdata/P12002/P12002_190/02-FASTQ/190111_ST-E00214_0275_AHWLHMCCXY/P12002_190_S109_L004_R1_001.fastq.gz,../../../data/WGS/rawdata/P12002/P12002_190/02-FASTQ/190111_ST-E00214_0275_AHWLHMCCXY/P12002_190_S109_L004_R2_001.fastq.gz
CHSC,CH,Scot,ScotCH,P12002_190,S109_L007,../../../data/WGS/rawdata/P12002/P12002_190/02-FASTQ/190111_ST-E00214_0275_AHWLHMCCXY/P12002_190_S109_L007_R1_001.fastq.gz,../../../data/WGS/rawdata/P12002/P12002_190/02-FASTQ/190111_ST-E00214_0275_AHWLHMCCXY/P12002_190_S109_L007_R2_001.fastq.gz
CHSC,CH,Scot,ScotCH,P12002_190,S64_L002,../../../data/WGS/rawdata/P12002/P12002_190/02-FASTQ/190111_ST-E00214_0276_BHWL33CCXY/P12002_190_S64_L002_R1_001.fastq.gz,../../../data/WGS/rawdata/P12002/P12002_190/02-FASTQ/190111_ST-E00214_0276_BHWL33CCXY/P12002_190_S64_L002_R2_001.fastq.gz
CHSC,CH,Scot,ScotCH,P12002_191,S43_L002,../../../data/WGS/rawdata/P12002/P12002_191/02-FASTQ/190111_ST-E00214_0275_AHWLHMCCXY/P12002_191_S43_L002_R1_001.fastq.gz,../../../data/WGS/rawdata/P12002/P12002_191/02-FASTQ/190111_ST-E00214_0275_AHWLHMCCXY/P12002_191_S43_L002_R2_001.fastq.gz
CHSC,CH,Scot,ScotCH,P12002_191,S43_L005,../../../data/WGS/rawdata/P12002/P12002_191/02-FASTQ/190111_ST-E00214_0275_AHWLHMCCXY/P12002_191_S43_L005_R1_001.fastq.gz,../../../data/WGS/rawdata/P12002/P12002_191/02-FASTQ/190111_ST-E00214_0275_AHWLHMCCXY/P12002_191_S43_L005_R2_001.fastq.gz
CHSC,CH,Scot,ScotCH,P12002_191,S43_L008,../../../data/WGS/rawdata/P12002/P12002_191/02-FASTQ/190111_ST-E00214_0275_AHWLHMCCXY/P12002_191_S43_L008_R1_001.fastq.gz,../../../data/WGS/rawdata/P12002/P12002_191/02-FASTQ/190111_ST-E00214_0275_AHWLHMCCXY/P12002_191_S43_L008_R2_001.fastq.gz
CHSC,CH,Scot,ScotCH,P12002_192,S76_L003,../../../data/WGS/rawdata/P12002/P12002_192/02-FASTQ/190111_ST-E00214_0275_AHWLHMCCXY/P12002_192_S76_L003_R1_001.fastq.gz,../../../data/WGS/rawdata/P12002/P12002_192/02-FASTQ/190111_ST-E00214_0275_AHWLHMCCXY/P12002_192_S76_L003_R2_001.fastq.gz
CHSC,CH,Scot,ScotCH,P12002_192,S76_L006,../../../data/WGS/rawdata/P12002/P12002_192/02-FASTQ/190111_ST-E00214_0275_AHWLHMCCXY/P12002_192_S76_L006_R1_001.fastq.gz,../../../data/WGS/rawdata/P12002/P12002_192/02-FASTQ/190111_ST-E00214_0275_AHWLHMCCXY/P12002_192_S76_L006_R2_001.fastq.gz
CHSC,CH,Scot,ScotCH,P12002_192,S31_L001,../../../data/WGS/rawdata/P12002/P12002_192/02-FASTQ/190111_ST-E00214_0276_BHWL33CCXY/P12002_192_S31_L001_R1_001.fastq.gz,../../../data/WGS/rawdata/P12002/P12002_192/02-FASTQ/190111_ST-E00214_0276_BHWL33CCXY/P12002_192_S31_L001_R2_001.fastq.gz
CHSC,CH,Scot,ScotCH,P12002_193,S110_L004,../../../data/WGS/rawdata/P12002/P12002_193/02-FASTQ/190111_ST-E00214_0275_AHWLHMCCXY/P12002_193_S110_L004_R1_001.fastq.gz,../../../data/WGS/rawdata/P12002/P12002_193/02-FASTQ/190111_ST-E00214_0275_AHWLHMCCXY/P12002_193_S110_L004_R2_001.fastq.gz
CHSC,CH,Scot,ScotCH,P12002_193,S110_L007,../../../data/WGS/rawdata/P12002/P12002_193/02-FASTQ/190111_ST-E00214_0275_AHWLHMCCXY/P12002_193_S110_L007_R1_001.fastq.gz,../../../data/WGS/rawdata/P12002/P12002_193/02-FASTQ/190111_ST-E00214_0275_AHWLHMCCXY/P12002_193_S110_L007_R2_001.fastq.gz
CHSC,CH,Scot,ScotCH,P12002_193,S65_L002,../../../data/WGS/rawdata/P12002/P12002_193/02-FASTQ/190111_ST-E00214_0276_BHWL33CCXY/P12002_193_S65_L002_R1_001.fastq.gz,../../../data/WGS/rawdata/P12002/P12002_193/02-FASTQ/190111_ST-E00214_0276_BHWL33CCXY/P12002_193_S65_L002_R2_001.fastq.gz
CPSC,CP,Scot,ScotCP,P12002_194,S44_L002,../../../data/WGS/rawdata/P12002/P12002_194/02-FASTQ/190111_ST-E00214_0275_AHWLHMCCXY/P12002_194_S44_L002_R1_001.fastq.gz,../../../data/WGS/rawdata/P12002/P12002_194/02-FASTQ/190111_ST-E00214_0275_AHWLHMCCXY/P12002_194_S44_L002_R2_001.fastq.gz
CPSC,CP,Scot,ScotCP,P12002_194,S44_L005,../../../data/WGS/rawdata/P12002/P12002_194/02-FASTQ/190111_ST-E00214_0275_AHWLHMCCXY/P12002_194_S44_L005_R1_001.fastq.gz,../../../data/WGS/rawdata/P12002/P12002_194/02-FASTQ/190111_ST-E00214_0275_AHWLHMCCXY/P12002_194_S44_L005_R2_001.fastq.gz
CPSC,CP,Scot,ScotCP,P12002_194,S44_L008,../../../data/WGS/rawdata/P12002/P12002_194/02-FASTQ/190111_ST-E00214_0275_AHWLHMCCXY/P12002_194_S44_L008_R1_001.fastq.gz,../../../data/WGS/rawdata/P12002/P12002_194/02-FASTQ/190111_ST-E00214_0275_AHWLHMCCXY/P12002_194_S44_L008_R2_001.fastq.gz
CPSC,CP,Scot,ScotCP,P12002_195,S77_L003,../../../data/WGS/rawdata/P12002/P12002_195/02-FASTQ/190111_ST-E00214_0275_AHWLHMCCXY/P12002_195_S77_L003_R1_001.fastq.gz,../../../data/WGS/rawdata/P12002/P12002_195/02-FASTQ/190111_ST-E00214_0275_AHWLHMCCXY/P12002_195_S77_L003_R2_001.fastq.gz
CPSC,CP,Scot,ScotCP,P12002_195,S77_L006,../../../data/WGS/rawdata/P12002/P12002_195/02-FASTQ/190111_ST-E00214_0275_AHWLHMCCXY/P12002_195_S77_L006_R1_001.fastq.gz,../../../data/WGS/rawdata/P12002/P12002_195/02-FASTQ/190111_ST-E00214_0275_AHWLHMCCXY/P12002_195_S77_L006_R2_001.fastq.gz
CPSC,CP,Scot,ScotCP,P12002_195,S32_L001,../../../data/WGS/rawdata/P12002/P12002_195/02-FASTQ/190111_ST-E00214_0276_BHWL33CCXY/P12002_195_S32_L001_R1_001.fastq.gz,../../../data/WGS/rawdata/P12002/P12002_195/02-FASTQ/190111_ST-E00214_0276_BHWL33CCXY/P12002_195_S32_L001_R2_001.fastq.gz
CPSC,CP,Scot,ScotCP,P12002_196,S111_L004,../../../data/WGS/rawdata/P12002/P12002_196/02-FASTQ/190111_ST-E00214_0275_AHWLHMCCXY/P12002_196_S111_L004_R1_001.fastq.gz,../../../data/WGS/rawdata/P12002/P12002_196/02-FASTQ/190111_ST-E00214_0275_AHWLHMCCXY/P12002_196_S111_L004_R2_001.fastq.gz
CPSC,CP,Scot,ScotCP,P12002_196,S111_L007,../../../data/WGS/rawdata/P12002/P12002_196/02-FASTQ/190111_ST-E00214_0275_AHWLHMCCXY/P12002_196_S111_L007_R1_001.fastq.gz,../../../data/WGS/rawdata/P12002/P12002_196/02-FASTQ/190111_ST-E00214_0275_AHWLHMCCXY/P12002_196_S111_L007_R2_001.fastq.gz
CPSC,CP,Scot,ScotCP,P12002_196,S66_L002,../../../data/WGS/rawdata/P12002/P12002_196/02-FASTQ/190111_ST-E00214_0276_BHWL33CCXY/P12002_196_S66_L002_R1_001.fastq.gz,../../../data/WGS/rawdata/P12002/P12002_196/02-FASTQ/190111_ST-E00214_0276_BHWL33CCXY/P12002_196_S66_L002_R2_001.fastq.gz
CPSC,CP,Scot,ScotCP,P12002_201,S112_L004,../../../data/WGS/rawdata/P12002/P12002_201/02-FASTQ/190111_ST-E00214_0275_AHWLHMCCXY/P12002_201_S112_L004_R1_001.fastq.gz,../../../data/WGS/rawdata/P12002/P12002_201/02-FASTQ/190111_ST-E00214_0275_AHWLHMCCXY/P12002_201_S112_L004_R2_001.fastq.gz
CPSC,CP,Scot,ScotCP,P12002_201,S112_L007,../../../data/WGS/rawdata/P12002/P12002_201/02-FASTQ/190111_ST-E00214_0275_AHWLHMCCXY/P12002_201_S112_L007_R1_001.fastq.gz,../../../data/WGS/rawdata/P12002/P12002_201/02-FASTQ/190111_ST-E00214_0275_AHWLHMCCXY/P12002_201_S112_L007_R2_001.fastq.gz
CPSC,CP,Scot,ScotCP,P12002_201,S67_L002,../../../data/WGS/rawdata/P12002/P12002_201/02-FASTQ/190111_ST-E00214_0276_BHWL33CCXY/P12002_201_S67_L002_R1_001.fastq.gz,../../../data/WGS/rawdata/P12002/P12002_201/02-FASTQ/190111_ST-E00214_0276_BHWL33CCXY/P12002_201_S67_L002_R2_001.fastq.gz
CPSC,CP,Scot,ScotCP,P12002_202,S78_L003,../../../data/WGS/rawdata/P12002/P12002_202/02-FASTQ/190111_ST-E00214_0275_AHWLHMCCXY/P12002_202_S78_L003_R1_001.fastq.gz,../../../data/WGS/rawdata/P12002/P12002_202/02-FASTQ/190111_ST-E00214_0275_AHWLHMCCXY/P12002_202_S78_L003_R2_001.fastq.gz
CPSC,CP,Scot,ScotCP,P12002_202,S78_L006,../../../data/WGS/rawdata/P12002/P12002_202/02-FASTQ/190111_ST-E00214_0275_AHWLHMCCXY/P12002_202_S78_L006_R1_001.fastq.gz,../../../data/WGS/rawdata/P12002/P12002_202/02-FASTQ/190111_ST-E00214_0275_AHWLHMCCXY/P12002_202_S78_L006_R2_001.fastq.gz
CPSC,CP,Scot,ScotCP,P12002_202,S33_L001,../../../data/WGS/rawdata/P12002/P12002_202/02-FASTQ/190111_ST-E00214_0276_BHWL33CCXY/P12002_202_S33_L001_R1_001.fastq.gz,../../../data/WGS/rawdata/P12002/P12002_202/02-FASTQ/190111_ST-E00214_0276_BHWL33CCXY/P12002_202_S33_L001_R2_001.fastq.gz
CPSC,CP,Scot,ScotCP,P12002_203,S79_L003,../../../data/WGS/rawdata/P12002/P12002_203/02-FASTQ/190111_ST-E00214_0275_AHWLHMCCXY/P12002_203_S79_L003_R1_001.fastq.gz,../../../data/WGS/rawdata/P12002/P12002_203/02-FASTQ/190111_ST-E00214_0275_AHWLHMCCXY/P12002_203_S79_L003_R2_001.fastq.gz
CPSC,CP,Scot,ScotCP,P12002_203,S79_L006,../../../data/WGS/rawdata/P12002/P12002_203/02-FASTQ/190111_ST-E00214_0275_AHWLHMCCXY/P12002_203_S79_L006_R1_001.fastq.gz,../../../data/WGS/rawdata/P12002/P12002_203/02-FASTQ/190111_ST-E00214_0275_AHWLHMCCXY/P12002_203_S79_L006_R2_001.fastq.gz
CPSC,CP,Scot,ScotCP,P12002_203,S34_L001,../../../data/WGS/rawdata/P12002/P12002_203/02-FASTQ/190111_ST-E00214_0276_BHWL33CCXY/P12002_203_S34_L001_R1_001.fastq.gz,../../../data/WGS/rawdata/P12002/P12002_203/02-FASTQ/190111_ST-E00214_0276_BHWL33CCXY/P12002_203_S34_L001_R2_001.fastq.gz
CHSC,CH,Scot,ScotCH,P12002_204,S45_L002,../../../data/WGS/rawdata/P12002/P12002_204/02-FASTQ/190111_ST-E00214_0275_AHWLHMCCXY/P12002_204_S45_L002_R1_001.fastq.gz,../../../data/WGS/rawdata/P12002/P12002_204/02-FASTQ/190111_ST-E00214_0275_AHWLHMCCXY/P12002_204_S45_L002_R2_001.fastq.gz
CHSC,CH,Scot,ScotCH,P12002_204,S45_L005,../../../data/WGS/rawdata/P12002/P12002_204/02-FASTQ/190111_ST-E00214_0275_AHWLHMCCXY/P12002_204_S45_L005_R1_001.fastq.gz,../../../data/WGS/rawdata/P12002/P12002_204/02-FASTQ/190111_ST-E00214_0275_AHWLHMCCXY/P12002_204_S45_L005_R2_001.fastq.gz
CHSC,CH,Scot,ScotCH,P12002_204,S45_L008,../../../data/WGS/rawdata/P12002/P12002_204/02-FASTQ/190111_ST-E00214_0275_AHWLHMCCXY/P12002_204_S45_L008_R1_001.fastq.gz,../../../data/WGS/rawdata/P12002/P12002_204/02-FASTQ/190111_ST-E00214_0275_AHWLHMCCXY/P12002_204_S45_L008_R2_001.fastq.gz
CHSK,CH,West,WestCH,P14052_101,S1_L001,../../../data/WGS/rawdata/P14052/P14052_101/02-FASTQ/191115_A00621_0146_AHTV2WDSXX/P14052_101_S1_L001_R1_001.fastq.gz,../../../data/WGS/rawdata/P14052/P14052_101/02-FASTQ/191115_A00621_0146_AHTV2WDSXX/P14052_101_S1_L001_R2_001.fastq.gz
CHSK,CH,West,WestCH,P14052_102,S2_L001,../../../data/WGS/rawdata/P14052/P14052_102/02-FASTQ/191115_A00621_0146_AHTV2WDSXX/P14052_102_S2_L001_R1_001.fastq.gz,../../../data/WGS/rawdata/P14052/P14052_102/02-FASTQ/191115_A00621_0146_AHTV2WDSXX/P14052_102_S2_L001_R2_001.fastq.gz
CHES,CH,East,EastCH,P14052_107,S7_L001,../../../data/WGS/rawdata/P14052/P14052_107/02-FASTQ/191115_A00621_0146_AHTV2WDSXX/P14052_107_S7_L001_R1_001.fastq.gz,../../../data/WGS/rawdata/P14052/P14052_107/02-FASTQ/191115_A00621_0146_AHTV2WDSXX/P14052_107_S7_L001_R2_001.fastq.gz
COSK,CO,West,WestCO,P14052_108,S8_L001,../../../data/WGS/rawdata/P14052/P14052_108/02-FASTQ/191115_A00621_0146_AHTV2WDSXX/P14052_108_S8_L001_R1_001.fastq.gz,../../../data/WGS/rawdata/P14052/P14052_108/02-FASTQ/191115_A00621_0146_AHTV2WDSXX/P14052_108_S8_L001_R2_001.fastq.gz
COSK,CO,West,WestCO,P14052_109,S9_L001,../../../data/WGS/rawdata/P14052/P14052_109/02-FASTQ/191115_A00621_0146_AHTV2WDSXX/P14052_109_S9_L001_R1_001.fastq.gz,../../../data/WGS/rawdata/P14052/P14052_109/02-FASTQ/191115_A00621_0146_AHTV2WDSXX/P14052_109_S9_L001_R2_001.fastq.gz
CPSC,CP,Scot,ScotCP,P14052_113,S13_L001,../../../data/WGS/rawdata/P14052/P14052_113/02-FASTQ/191115_A00621_0146_AHTV2WDSXX/P14052_113_S13_L001_R1_001.fastq.gz,../../../data/WGS/rawdata/P14052/P14052_113/02-FASTQ/191115_A00621_0146_AHTV2WDSXX/P14052_113_S13_L001_R2_001.fastq.gz
CPSC,CP,Scot,ScotCP,P14052_114,S14_L001,../../../data/WGS/rawdata/P14052/P14052_114/02-FASTQ/191115_A00621_0146_AHTV2WDSXX/P14052_114_S14_L001_R1_001.fastq.gz,../../../data/WGS/rawdata/P14052/P14052_114/02-FASTQ/191115_A00621_0146_AHTV2WDSXX/P14052_114_S14_L001_R2_001.fastq.gz
CPSC,CP,Scot,ScotCP,P14052_115,S15_L001,../../../data/WGS/rawdata/P14052/P14052_115/02-FASTQ/191115_A00621_0146_AHTV2WDSXX/P14052_115_S15_L001_R1_001.fastq.gz,../../../data/WGS/rawdata/P14052/P14052_115/02-FASTQ/191115_A00621_0146_AHTV2WDSXX/P14052_115_S15_L001_R2_001.fastq.gz
CPSC,CP,Scot,ScotCP,P14052_116,S16_L001,../../../data/WGS/rawdata/P14052/P14052_116/02-FASTQ/191115_A00621_0146_AHTV2WDSXX/P14052_116_S16_L001_R1_001.fastq.gz,../../../data/WGS/rawdata/P14052/P14052_116/02-FASTQ/191115_A00621_0146_AHTV2WDSXX/P14052_116_S16_L001_R2_001.fastq.gz
CPSC,CP,Scot,ScotCP,P14052_117,S17_L001,../../../data/WGS/rawdata/P14052/P14052_117/02-FASTQ/191115_A00621_0146_AHTV2WDSXX/P14052_117_S17_L001_R1_001.fastq.gz,../../../data/WGS/rawdata/P14052/P14052_117/02-FASTQ/191115_A00621_0146_AHTV2WDSXX/P14052_117_S17_L001_R2_001.fastq.gz
CPSC,CP,Scot,ScotCP,P14052_118,S18_L001,../../../data/WGS/rawdata/P14052/P14052_118/02-FASTQ/191115_A00621_0146_AHTV2WDSXX/P14052_118_S18_L001_R1_001.fastq.gz,../../../data/WGS/rawdata/P14052/P14052_118/02-FASTQ/191115_A00621_0146_AHTV2WDSXX/P14052_118_S18_L001_R2_001.fastq.gz
CPSC,CP,Scot,ScotCP,P14052_119,S19_L001,../../../data/WGS/rawdata/P14052/P14052_119/02-FASTQ/191115_A00621_0146_AHTV2WDSXX/P14052_119_S19_L001_R1_001.fastq.gz,../../../data/WGS/rawdata/P14052/P14052_119/02-FASTQ/191115_A00621_0146_AHTV2WDSXX/P14052_119_S19_L001_R2_001.fastq.gz
CPSC,CP,Scot,ScotCP,P14052_120,S20_L001,../../../data/WGS/rawdata/P14052/P14052_120/02-FASTQ/191115_A00621_0146_AHTV2WDSXX/P14052_120_S20_L001_R1_001.fastq.gz,../../../data/WGS/rawdata/P14052/P14052_120/02-FASTQ/191115_A00621_0146_AHTV2WDSXX/P14052_120_S20_L001_R2_001.fastq.gz
CPSC,CP,Scot,ScotCP,P14052_121,S21_L001,../../../data/WGS/rawdata/P14052/P14052_121/02-FASTQ/191115_A00621_0146_AHTV2WDSXX/P14052_121_S21_L001_R1_001.fastq.gz,../../../data/WGS/rawdata/P14052/P14052_121/02-FASTQ/191115_A00621_0146_AHTV2WDSXX/P14052_121_S21_L001_R2_001.fastq.gz
CHSC,CH,Scot,ScotCH,P14052_122,S22_L001,../../../data/WGS/rawdata/P14052/P14052_122/02-FASTQ/191115_A00621_0146_AHTV2WDSXX/P14052_122_S22_L001_R1_001.fastq.gz,../../../data/WGS/rawdata/P14052/P14052_122/02-FASTQ/191115_A00621_0146_AHTV2WDSXX/P14052_122_S22_L001_R2_001.fastq.gz
CHSC,CH,Scot,ScotCH,P14052_123,S23_L001_pt1,data/split/P14052_123_S23_L001_R1_001.part_001.fastq.gz,data/split/P14052_123_S23_L001_R2_001.part_001.fastq.gz
CHSC,CH,Scot,ScotCH,P14052_123,S23_L001_pt2,data/split/P14052_123_S23_L001_R1_001.part_002.fastq.gz,data/split/P14052_123_S23_L001_R2_001.part_002.fastq.gz
CHSC,CH,Scot,ScotCH,P14052_123,S23_L001_pt3,data/split/P14052_123_S23_L001_R1_001.part_003.fastq.gz,data/split/P14052_123_S23_L001_R2_001.part_003.fastq.gz
CHSC,CH,Scot,ScotCH,P14052_123,S23_L001_pt4,data/split/P14052_123_S23_L001_R1_001.part_004.fastq.gz,data/split/P14052_123_S23_L001_R2_001.part_004.fastq.gz
CHSC,CH,Scot,ScotCH,P14052_124,S24_L001_pt1,data/split/P14052_124_S24_L001_R1_001.part_001.fastq.gz,data/split/P14052_124_S24_L001_R2_001.part_001.fastq.gz
CHSC,CH,Scot,ScotCH,P14052_124,S24_L001_pt2,data/split/P14052_124_S24_L001_R1_001.part_002.fastq.gz,data/split/P14052_124_S24_L001_R2_001.part_002.fastq.gz
CHSC,CH,Scot,ScotCH,P14052_124,S24_L001_pt3,data/split/P14052_124_S24_L001_R1_001.part_003.fastq.gz,data/split/P14052_124_S24_L001_R2_001.part_003.fastq.gz
CHSC,CH,Scot,ScotCH,P14052_124,S24_L001_pt4,data/split/P14052_124_S24_L001_R1_001.part_004.fastq.gz,data/split/P14052_124_S24_L001_R2_001.part_004.fastq.gz
CHSC,CH,Scot,ScotCH,P14052_125,S25_L001_pt1,data/split/P14052_125_S25_L001_R1_001.part_001.fastq.gz,data/split/P14052_125_S25_L001_R2_001.part_001.fastq.gz
CHSC,CH,Scot,ScotCH,P14052_125,S25_L001_pt2,data/split/P14052_125_S25_L001_R1_001.part_002.fastq.gz,data/split/P14052_125_S25_L001_R2_001.part_002.fastq.gz
CHSC,CH,Scot,ScotCH,P14052_125,S25_L001_pt3,data/split/P14052_125_S25_L001_R1_001.part_003.fastq.gz,data/split/P14052_125_S25_L001_R2_001.part_003.fastq.gz
CHSC,CH,Scot,ScotCH,P14052_125,S25_L001_pt4,data/split/P14052_125_S25_L001_R1_001.part_004.fastq.gz,data/split/P14052_125_S25_L001_R2_001.part_004.fastq.gz
CHSC,CH,Scot,ScotCH,P14052_126,S26_L001,../../../data/WGS/rawdata/P14052/P14052_126/02-FASTQ/191115_A00621_0146_AHTV2WDSXX/P14052_126_S26_L001_R1_001.fastq.gz,../../../data/WGS/rawdata/P14052/P14052_126/02-FASTQ/191115_A00621_0146_AHTV2WDSXX/P14052_126_S26_L001_R2_001.fastq.gz
CHSC,CH,Scot,ScotCH,P14052_127,S27_L001_pt1,data/split/P14052_127_S27_L001_R1_001.part_001.fastq.gz,data/split/P14052_127_S27_L001_R2_001.part_001.fastq.gz
CHSC,CH,Scot,ScotCH,P14052_127,S27_L001_pt2,data/split/P14052_127_S27_L001_R1_001.part_002.fastq.gz,data/split/P14052_127_S27_L001_R2_001.part_002.fastq.gz
CHSC,CH,Scot,ScotCH,P14052_127,S27_L001_pt3,data/split/P14052_127_S27_L001_R1_001.part_003.fastq.gz,data/split/P14052_127_S27_L001_R2_001.part_003.fastq.gz
CHSC,CH,Scot,ScotCH,P14052_127,S27_L001_pt4,data/split/P14052_127_S27_L001_R1_001.part_004.fastq.gz,data/split/P14052_127_S27_L001_R2_001.part_004.fastq.gz
